# Blender 3.6.8
# www.blender.org
mtllib Standard Mug.mtl
o Standard_Mug
v -0.000000 -0.048409 -0.008896
v -0.000000 -0.044772 -0.023223
v 0.003404 -0.048409 -0.008219
v 0.008887 -0.044772 -0.021455
v 0.004942 -0.048409 -0.007397
v 0.012902 -0.044772 -0.019309
v 0.006290 -0.048409 -0.006290
v 0.016421 -0.044772 -0.016421
v 0.007397 -0.048409 -0.004942
v 0.019309 -0.044772 -0.012902
v 0.008219 -0.048409 -0.003404
v 0.021455 -0.044772 -0.008887
v 0.008725 -0.048409 -0.001736
v 0.022777 -0.044772 -0.004531
v 0.008896 -0.048409 0.000000
v 0.023223 -0.044772 0.000000
v 0.008725 -0.048409 0.001736
v 0.022777 -0.044772 0.004531
v 0.008219 -0.048409 0.003404
v 0.021455 -0.044772 0.008887
v 0.007397 -0.048409 0.004942
v 0.019309 -0.044772 0.012902
v 0.006290 -0.048409 0.006290
v 0.016421 -0.044772 0.016421
v 0.004942 -0.048409 0.007397
v 0.012902 -0.044772 0.019309
v 0.003404 -0.048409 0.008219
v 0.008887 -0.044772 0.021455
v 0.001736 -0.048409 0.008725
v 0.004531 -0.044772 0.022777
v -0.000000 -0.048409 0.008896
v -0.000000 -0.044772 0.023223
v -0.001736 -0.048409 0.008725
v -0.004531 -0.044772 0.022777
v -0.003404 -0.048409 0.008219
v -0.008887 -0.044772 0.021455
v -0.004942 -0.048409 0.007397
v -0.012902 -0.044772 0.019309
v -0.006290 -0.048409 0.006290
v -0.016421 -0.044772 0.016421
v -0.007397 -0.048409 0.004942
v -0.019309 -0.044772 0.012902
v -0.008219 -0.048409 0.003404
v -0.021455 -0.044772 0.008887
v -0.008725 -0.048409 0.001736
v -0.022777 -0.044772 0.004531
v -0.008896 -0.048409 0.000000
v -0.023223 -0.044772 -0.000000
v -0.008725 -0.048409 -0.001736
v -0.022777 -0.044772 -0.004531
v -0.008219 -0.048409 -0.003404
v -0.021455 -0.044772 -0.008887
v -0.007397 -0.048409 -0.004942
v -0.019309 -0.044772 -0.012902
v -0.006290 -0.048409 -0.006290
v -0.016421 -0.044772 -0.016421
v -0.004942 -0.048409 -0.007397
v -0.012902 -0.044772 -0.019309
v -0.003404 -0.048409 -0.008219
v -0.008887 -0.044772 -0.021455
v 0.000000 -0.022366 -0.040724
v 0.000000 0.024012 -0.040700
v 0.015479 0.029599 -0.037365
v 0.015479 -0.027507 -0.037365
v 0.022469 0.029600 -0.033628
v 0.022469 -0.027507 -0.033628
v 0.028598 0.029600 -0.028598
v 0.028598 -0.027507 -0.028598
v 0.033628 0.029600 -0.022469
v 0.033628 -0.027507 -0.022469
v 0.037365 0.029600 -0.015477
v 0.037365 -0.027507 -0.015477
v 0.039667 0.029600 -0.007890
v 0.039667 -0.027507 -0.007890
v 0.040444 0.029600 0.000000
v 0.040444 -0.027507 0.000000
v 0.039667 0.029600 0.007890
v 0.039667 -0.027507 0.007890
v 0.037365 0.029600 0.015477
v 0.037365 -0.027507 0.015477
v 0.033628 0.029600 0.022469
v 0.033628 -0.027507 0.022469
v 0.028598 0.029600 0.028598
v 0.028598 -0.027507 0.028598
v 0.022469 0.029600 0.033628
v 0.022469 -0.027507 0.033628
v 0.015477 0.029600 0.037365
v 0.015477 -0.027507 0.037365
v 0.007890 0.029600 0.039667
v 0.007890 -0.027507 0.039667
v -0.000000 0.029600 0.040444
v -0.000000 -0.027507 0.040444
v -0.007890 0.029600 0.039667
v -0.007890 -0.027507 0.039667
v -0.015477 0.029600 0.037365
v -0.015477 -0.027507 0.037365
v -0.022469 0.029600 0.033628
v -0.022469 -0.027507 0.033628
v -0.028598 0.029600 0.028598
v -0.028598 -0.027507 0.028598
v -0.033628 0.029600 0.022469
v -0.033628 -0.027507 0.022469
v -0.037365 0.029600 0.015477
v -0.037365 -0.027507 0.015477
v -0.039667 0.029600 0.007890
v -0.039667 -0.027507 0.007890
v -0.040444 0.029600 -0.000000
v -0.040444 -0.027507 -0.000000
v -0.039667 0.029600 -0.007890
v -0.039667 -0.027507 -0.007890
v -0.037365 0.029600 -0.015477
v -0.037365 -0.027507 -0.015477
v -0.033628 0.029600 -0.022469
v -0.033628 -0.027507 -0.022469
v -0.028598 0.029600 -0.028598
v -0.028598 -0.027507 -0.028598
v -0.022469 0.029600 -0.033628
v -0.022469 -0.027507 -0.033628
v -0.015479 0.029599 -0.037365
v -0.015479 -0.027507 -0.037365
v -0.000000 0.043788 -0.040687
v 0.015479 0.036330 -0.037365
v 0.022469 0.036329 -0.033628
v 0.028598 0.036329 -0.028598
v 0.033628 0.036329 -0.022469
v 0.037365 0.036329 -0.015477
v 0.039667 0.036329 -0.007890
v 0.040444 0.036329 0.000000
v 0.039667 0.036329 0.007890
v 0.037365 0.036329 0.015477
v 0.033628 0.036329 0.022469
v 0.028598 0.036329 0.028598
v 0.022469 0.036329 0.033628
v 0.015477 0.036329 0.037365
v 0.007890 0.036329 0.039667
v -0.000000 0.036329 0.040444
v -0.007890 0.036329 0.039667
v -0.015477 0.036329 0.037365
v -0.022469 0.036329 0.033628
v -0.028598 0.036329 0.028598
v -0.033628 0.036329 0.022469
v -0.037365 0.036329 0.015477
v -0.039667 0.036329 0.007890
v -0.040444 0.036329 -0.000000
v -0.039667 0.036329 -0.007890
v -0.037365 0.036329 -0.015477
v -0.033628 0.036329 -0.022469
v -0.028598 0.036329 -0.028598
v -0.022469 0.036329 -0.033628
v -0.015479 0.036330 -0.037365
v 0.015479 -0.032710 -0.037365
v 0.022469 -0.032710 -0.033628
v 0.028598 -0.032710 -0.028598
v 0.033628 -0.032710 -0.022469
v 0.037365 -0.032710 -0.015477
v 0.039667 -0.032710 -0.007890
v 0.040444 -0.032710 0.000000
v 0.039667 -0.032710 0.007890
v 0.037365 -0.032710 0.015477
v 0.033628 -0.032710 0.022469
v 0.028598 -0.032710 0.028598
v 0.022469 -0.032710 0.033628
v 0.015477 -0.032710 0.037365
v 0.007890 -0.032710 0.039667
v -0.000000 -0.032710 0.040444
v -0.007890 -0.032710 0.039667
v -0.015477 -0.032710 0.037365
v -0.022469 -0.032710 0.033628
v -0.028598 -0.032710 0.028598
v -0.033628 -0.032710 0.022469
v -0.037365 -0.032710 0.015477
v -0.039667 -0.032710 0.007890
v -0.040444 -0.032710 -0.000000
v -0.039667 -0.032710 -0.007890
v -0.037365 -0.032710 -0.015477
v -0.033628 -0.032710 -0.022469
v -0.028598 -0.032710 -0.028598
v -0.022469 -0.032710 -0.033628
v -0.015479 -0.032710 -0.037365
v 0.000000 -0.039895 -0.040708
v 0.000005 0.026852 -0.041962
v -0.000000 0.040860 -0.041814
v 0.000003 0.028780 -0.043955
v -0.000000 0.040538 -0.043730
v 0.000000 0.030978 -0.046885
v 0.000000 0.040603 -0.046706
v 0.000000 0.032009 -0.049712
v 0.000000 0.040653 -0.049653
v 0.000000 0.032123 -0.052749
v 0.000000 0.040605 -0.052789
v 0.000000 0.031516 -0.056313
v 0.000000 0.040260 -0.056450
v 0.000000 0.030157 -0.059797
v 0.000000 0.039314 -0.060473
v 0.000000 0.028213 -0.062560
v 0.000000 0.036623 -0.065641
v 0.000000 0.025415 -0.064716
v 0.000000 0.031177 -0.070933
v 0.000000 0.021240 -0.066742
v 0.000000 0.024717 -0.074557
v 0.000000 0.015070 -0.068625
v 0.000000 0.017557 -0.076811
v -0.000000 0.006955 -0.070138
v -0.000000 0.008362 -0.078378
v 0.000000 -0.000948 -0.070624
v 0.000000 -0.000827 -0.078814
v 0.000000 -0.037495 -0.041795
v 0.000000 -0.024645 -0.042001
v 0.000000 -0.037353 -0.043435
v 0.000000 -0.025845 -0.043628
v 0.000000 -0.037420 -0.045706
v 0.000000 -0.027281 -0.045885
v 0.000000 -0.037661 -0.049036
v 0.000000 -0.028580 -0.049139
v 0.000000 -0.037767 -0.052524
v 0.000000 -0.028947 -0.052309
v 0.000000 -0.037313 -0.056619
v 0.000000 -0.028831 -0.055159
v 0.000000 -0.036048 -0.061225
v 0.000000 -0.028097 -0.058051
v 0.000000 -0.033193 -0.066053
v 0.000000 -0.025867 -0.061686
v 0.000000 -0.028000 -0.070988
v 0.000000 -0.022025 -0.065050
v 0.000000 -0.020181 -0.075295
v 0.000000 -0.016183 -0.067934
v 0.000000 -0.011021 -0.077924
v 0.000000 -0.009168 -0.069815
v 0.000000 0.047795 -0.040217
v 0.015391 0.047789 -0.037157
v 0.022344 0.047789 -0.033440
v 0.028439 0.047789 -0.028439
v 0.033440 0.047789 -0.022344
v 0.037157 0.047789 -0.015391
v 0.039445 0.047789 -0.007846
v 0.040218 0.047789 0.000000
v 0.039445 0.047789 0.007846
v 0.037157 0.047789 0.015391
v 0.033440 0.047789 0.022344
v 0.028439 0.047789 0.028439
v 0.022344 0.047789 0.033440
v 0.015391 0.047789 0.037157
v 0.007846 0.047789 0.039445
v -0.000000 0.047789 0.040218
v -0.007846 0.047789 0.039445
v -0.015391 0.047789 0.037157
v -0.022344 0.047789 0.033440
v -0.028439 0.047789 0.028439
v -0.033440 0.047789 0.022344
v -0.037157 0.047789 0.015391
v -0.039445 0.047789 0.007846
v -0.040218 0.047789 -0.000000
v -0.039445 0.047789 -0.007846
v -0.037157 0.047789 -0.015391
v -0.033440 0.047789 -0.022344
v -0.028439 0.047789 -0.028439
v -0.022344 0.047789 -0.033440
v -0.015391 0.047789 -0.037157
v 0.000000 0.049836 -0.038886
v 0.014881 0.049836 -0.035926
v 0.021604 0.049836 -0.032333
v 0.027497 0.049836 -0.027497
v 0.032333 0.049836 -0.021604
v 0.035926 0.049836 -0.014881
v 0.038139 0.049836 -0.007586
v 0.038886 0.049836 0.000000
v 0.038139 0.049836 0.007586
v 0.035926 0.049836 0.014881
v 0.032333 0.049836 0.021604
v 0.027497 0.049836 0.027497
v 0.021604 0.049836 0.032333
v 0.014881 0.049836 0.035926
v 0.007586 0.049836 0.038139
v -0.000000 0.049836 0.038886
v -0.007586 0.049836 0.038139
v -0.014881 0.049836 0.035926
v -0.021604 0.049836 0.032333
v -0.027497 0.049836 0.027497
v -0.032333 0.049836 0.021604
v -0.035926 0.049836 0.014881
v -0.038139 0.049836 0.007586
v -0.038886 0.049836 -0.000000
v -0.038139 0.049836 -0.007586
v -0.035926 0.049836 -0.014881
v -0.032333 0.049836 -0.021604
v -0.027497 0.049836 -0.027497
v -0.021604 0.049836 -0.032333
v -0.014881 0.049836 -0.035926
v 0.000000 0.049857 -0.037344
v 0.014291 0.049857 -0.034502
v 0.020747 0.049857 -0.031051
v 0.026406 0.049857 -0.026406
v 0.031051 0.049857 -0.020747
v 0.034502 0.049857 -0.014291
v 0.036627 0.049857 -0.007286
v 0.037344 0.049857 0.000000
v 0.036627 0.049857 0.007286
v 0.034502 0.049857 0.014291
v 0.031051 0.049857 0.020747
v 0.026406 0.049857 0.026406
v 0.020747 0.049857 0.031051
v 0.014291 0.049857 0.034502
v 0.007286 0.049857 0.036627
v -0.000000 0.049857 0.037344
v -0.007286 0.049857 0.036627
v -0.014291 0.049857 0.034502
v -0.020747 0.049857 0.031051
v -0.026406 0.049857 0.026406
v -0.031051 0.049857 0.020747
v -0.034502 0.049857 0.014291
v -0.036627 0.049857 0.007286
v -0.037344 0.049857 -0.000000
v -0.036627 0.049857 -0.007286
v -0.034502 0.049857 -0.014291
v -0.031051 0.049857 -0.020747
v -0.026406 0.049857 -0.026406
v -0.020747 0.049857 -0.031051
v -0.014291 0.049857 -0.034502
v 0.000000 -0.037953 -0.033754
v 0.012917 -0.037953 -0.031185
v 0.018753 -0.037953 -0.028066
v 0.023868 -0.037953 -0.023868
v 0.028066 -0.037953 -0.018753
v 0.031185 -0.037953 -0.012917
v 0.033106 -0.037953 -0.006585
v 0.033754 -0.037953 0.000000
v 0.033106 -0.037953 0.006585
v 0.031185 -0.037953 0.012917
v 0.028066 -0.037953 0.018753
v 0.023868 -0.037953 0.023868
v 0.018753 -0.037953 0.028066
v 0.012917 -0.037953 0.031185
v 0.006585 -0.037953 0.033106
v -0.000000 -0.037953 0.033754
v -0.006585 -0.037953 0.033106
v -0.012917 -0.037953 0.031185
v -0.018753 -0.037953 0.028066
v -0.023868 -0.037953 0.023868
v -0.028066 -0.037953 0.018753
v -0.031185 -0.037953 0.012917
v -0.033106 -0.037953 0.006585
v -0.033754 -0.037953 -0.000000
v -0.033106 -0.037953 -0.006585
v -0.031185 -0.037953 -0.012917
v -0.028066 -0.037953 -0.018753
v -0.023868 -0.037953 -0.023868
v -0.018753 -0.037953 -0.028066
v -0.012917 -0.037953 -0.031185
v 0.000000 0.037619 -0.034702
v 0.013280 0.037619 -0.032061
v 0.019280 0.037619 -0.028854
v 0.024538 0.037619 -0.024538
v 0.028854 0.037619 -0.019280
v 0.032061 0.037619 -0.013280
v 0.034036 0.037619 -0.006770
v 0.034702 0.037619 0.000000
v 0.034036 0.037619 0.006770
v 0.032061 0.037619 0.013280
v 0.028854 0.037619 0.019280
v 0.024538 0.037619 0.024538
v 0.019280 0.037619 0.028854
v 0.013280 0.037619 0.032061
v 0.006770 0.037619 0.034036
v -0.000000 0.037619 0.034702
v -0.006770 0.037619 0.034036
v -0.013280 0.037619 0.032061
v -0.019280 0.037619 0.028854
v -0.024538 0.037619 0.024538
v -0.028854 0.037619 0.019280
v -0.032061 0.037619 0.013280
v -0.034036 0.037619 0.006770
v -0.034702 0.037619 -0.000000
v -0.034036 0.037619 -0.006770
v -0.032061 0.037619 -0.013280
v -0.028854 0.037619 -0.019280
v -0.024538 0.037619 -0.024538
v -0.019280 0.037619 -0.028854
v -0.013280 0.037619 -0.032061
v 0.000000 -0.005618 -0.034478
v 0.013194 -0.005618 -0.031853
v 0.019155 -0.005618 -0.028667
v 0.024379 -0.005618 -0.024379
v 0.028667 -0.005618 -0.019155
v 0.031853 -0.005618 -0.013194
v 0.033815 -0.005618 -0.006726
v 0.034478 -0.005618 0.000000
v 0.033815 -0.005618 0.006726
v 0.031853 -0.005618 0.013194
v 0.028667 -0.005618 0.019155
v 0.024379 -0.005618 0.024379
v 0.019155 -0.005618 0.028667
v 0.013194 -0.005618 0.031853
v 0.006726 -0.005618 0.033815
v -0.000000 -0.005618 0.034478
v -0.006726 -0.005618 0.033815
v -0.013194 -0.005618 0.031853
v -0.019155 -0.005618 0.028667
v -0.024379 -0.005618 0.024379
v -0.028667 -0.005618 0.019155
v -0.031853 -0.005618 0.013194
v -0.033815 -0.005618 0.006726
v -0.034478 -0.005618 -0.000000
v -0.033815 -0.005618 -0.006726
v -0.031853 -0.005618 -0.013194
v -0.028667 -0.005618 -0.019155
v -0.024379 -0.005618 -0.024379
v -0.019155 -0.005618 -0.028667
v -0.013194 -0.005618 -0.031853
v -0.000000 -0.044491 -0.030625
v 0.011720 -0.044491 -0.028294
v 0.017014 -0.044491 -0.025464
v 0.021655 -0.044491 -0.021655
v 0.025464 -0.044491 -0.017014
v 0.028294 -0.044491 -0.011720
v 0.030037 -0.044491 -0.005975
v 0.030625 -0.044491 0.000000
v 0.030037 -0.044491 0.005975
v 0.028294 -0.044491 0.011720
v 0.025464 -0.044491 0.017014
v 0.021655 -0.044491 0.021655
v 0.017014 -0.044491 0.025464
v 0.011720 -0.044491 0.028294
v 0.005975 -0.044491 0.030037
v -0.000000 -0.044491 0.030625
v -0.005975 -0.044491 0.030037
v -0.011720 -0.044491 0.028294
v -0.017014 -0.044491 0.025464
v -0.021655 -0.044491 0.021655
v -0.025464 -0.044491 0.017014
v -0.028294 -0.044491 0.011720
v -0.030037 -0.044491 0.005975
v -0.030625 -0.044491 -0.000000
v -0.030037 -0.044491 -0.005975
v -0.028294 -0.044491 -0.011720
v -0.025464 -0.044491 -0.017014
v -0.021655 -0.044491 -0.021655
v -0.017014 -0.044491 -0.025464
v -0.011720 -0.044491 -0.028294
v 0.000000 -0.049244 -0.040082
v 0.015339 -0.049244 -0.037031
v 0.022268 -0.049244 -0.033327
v 0.028342 -0.049244 -0.028342
v 0.033327 -0.049244 -0.022268
v 0.037031 -0.049244 -0.015339
v 0.039311 -0.049244 -0.007820
v 0.040082 -0.049244 0.000000
v 0.039311 -0.049244 0.007820
v 0.037031 -0.049244 0.015339
v 0.033327 -0.049244 0.022268
v 0.028342 -0.049244 0.028342
v 0.022268 -0.049244 0.033327
v 0.015339 -0.049244 0.037031
v 0.007820 -0.049244 0.039311
v -0.000000 -0.049244 0.040082
v -0.007820 -0.049244 0.039311
v -0.015339 -0.049244 0.037031
v -0.022268 -0.049244 0.033327
v -0.028342 -0.049244 0.028342
v -0.033327 -0.049244 0.022268
v -0.037031 -0.049244 0.015339
v -0.039311 -0.049244 0.007820
v -0.040082 -0.049244 -0.000000
v -0.039311 -0.049244 -0.007820
v -0.037031 -0.049244 -0.015339
v -0.033327 -0.049244 -0.022268
v -0.028342 -0.049244 -0.028342
v -0.022268 -0.049244 -0.033327
v -0.015339 -0.049244 -0.037031
v 0.000000 -0.049847 -0.036578
v 0.013998 -0.049847 -0.033794
v 0.020322 -0.049847 -0.030414
v 0.025865 -0.049847 -0.025865
v 0.030414 -0.049847 -0.020322
v 0.033794 -0.049847 -0.013998
v 0.035875 -0.049847 -0.007136
v 0.036578 -0.049847 0.000000
v 0.035875 -0.049847 0.007136
v 0.033794 -0.049847 0.013998
v 0.030414 -0.049847 0.020322
v 0.025865 -0.049847 0.025865
v 0.020322 -0.049847 0.030414
v 0.013998 -0.049847 0.033794
v 0.007136 -0.049847 0.035875
v -0.000000 -0.049847 0.036578
v -0.007136 -0.049847 0.035875
v -0.013998 -0.049847 0.033794
v -0.020322 -0.049847 0.030414
v -0.025865 -0.049847 0.025865
v -0.030414 -0.049847 0.020322
v -0.033794 -0.049847 0.013998
v -0.035875 -0.049847 0.007136
v -0.036578 -0.049847 -0.000000
v -0.035875 -0.049847 -0.007136
v -0.033794 -0.049847 -0.013998
v -0.030414 -0.049847 -0.020322
v -0.025865 -0.049847 -0.025865
v -0.020322 -0.049847 -0.030414
v -0.013998 -0.049847 -0.033794
v 0.000000 -0.049996 -0.038323
v 0.014665 -0.049996 -0.035405
v 0.021291 -0.049996 -0.031864
v 0.027098 -0.049996 -0.027098
v 0.031864 -0.049996 -0.021291
v 0.035405 -0.049996 -0.014665
v 0.037586 -0.049996 -0.007476
v 0.038323 -0.049996 0.000000
v 0.037586 -0.049996 0.007476
v 0.035405 -0.049996 0.014665
v 0.031864 -0.049996 0.021291
v 0.027098 -0.049996 0.027098
v 0.021291 -0.049996 0.031864
v 0.014665 -0.049996 0.035405
v 0.007476 -0.049996 0.037586
v -0.000000 -0.049996 0.038323
v -0.007476 -0.049996 0.037586
v -0.014665 -0.049996 0.035405
v -0.021291 -0.049996 0.031864
v -0.027098 -0.049996 0.027098
v -0.031864 -0.049996 0.021291
v -0.035405 -0.049996 0.014665
v -0.037586 -0.049996 0.007476
v -0.038323 -0.049996 -0.000000
v -0.037586 -0.049996 -0.007476
v -0.035405 -0.049996 -0.014665
v -0.031864 -0.049996 -0.021291
v -0.027098 -0.049996 -0.027098
v -0.021291 -0.049996 -0.031864
v -0.014665 -0.049996 -0.035405
v 0.000000 -0.049279 -0.035353
v 0.013529 -0.049279 -0.032662
v 0.019641 -0.049279 -0.029395
v 0.024998 -0.049279 -0.024998
v 0.029395 -0.049279 -0.019641
v 0.032662 -0.049279 -0.013529
v 0.034674 -0.049279 -0.006897
v 0.035353 -0.049279 0.000000
v 0.034674 -0.049279 0.006897
v 0.032662 -0.049279 0.013529
v 0.029395 -0.049279 0.019641
v 0.024998 -0.049279 0.024998
v 0.019641 -0.049279 0.029395
v 0.013529 -0.049279 0.032662
v 0.006897 -0.049279 0.034674
v -0.000000 -0.049279 0.035353
v -0.006897 -0.049279 0.034674
v -0.013529 -0.049279 0.032662
v -0.019641 -0.049279 0.029395
v -0.024998 -0.049279 0.024998
v -0.029395 -0.049279 0.019641
v -0.032662 -0.049279 0.013529
v -0.034674 -0.049279 0.006897
v -0.035353 -0.049279 -0.000000
v -0.034674 -0.049279 -0.006897
v -0.032662 -0.049279 -0.013529
v -0.029395 -0.049279 -0.019641
v -0.024998 -0.049279 -0.024998
v -0.019641 -0.049279 -0.029395
v -0.013529 -0.049279 -0.032662
v 0.000000 -0.049040 -0.034597
v 0.013240 -0.049040 -0.031963
v 0.019221 -0.049040 -0.028766
v 0.024464 -0.049040 -0.024464
v 0.028766 -0.049040 -0.019221
v 0.031963 -0.049040 -0.013240
v 0.033932 -0.049040 -0.006750
v 0.034597 -0.049040 0.000000
v 0.033932 -0.049040 0.006750
v 0.031963 -0.049040 0.013240
v 0.028766 -0.049040 0.019221
v 0.024464 -0.049040 0.024464
v 0.019221 -0.049040 0.028766
v 0.013240 -0.049040 0.031963
v 0.006750 -0.049040 0.033932
v -0.000000 -0.049040 0.034597
v -0.006750 -0.049040 0.033932
v -0.013240 -0.049040 0.031963
v -0.019221 -0.049040 0.028766
v -0.024464 -0.049040 0.024464
v -0.028766 -0.049040 0.019221
v -0.031963 -0.049040 0.013240
v -0.033932 -0.049040 0.006750
v -0.034597 -0.049040 -0.000000
v -0.033932 -0.049040 -0.006750
v -0.031963 -0.049040 -0.013240
v -0.028766 -0.049040 -0.019221
v -0.024464 -0.049040 -0.024464
v -0.019221 -0.049040 -0.028766
v -0.013240 -0.049040 -0.031963
v 0.013660 0.048796 -0.032978
v 0.019831 0.048796 -0.029680
v 0.025240 0.048796 -0.025240
v 0.029680 0.048796 -0.019831
v 0.032978 0.048796 -0.013660
v 0.035010 0.048796 -0.006964
v 0.035695 0.048796 0.000000
v 0.035010 0.048796 0.006964
v 0.032978 0.048796 0.013660
v 0.029680 0.048796 0.019831
v 0.025240 0.048796 0.025240
v 0.019831 0.048796 0.029680
v 0.013660 0.048796 0.032978
v 0.006964 0.048796 0.035010
v -0.000000 0.048796 0.035695
v -0.006964 0.048796 0.035010
v -0.013660 0.048796 0.032978
v -0.019831 0.048796 0.029680
v -0.025240 0.048796 0.025240
v -0.029680 0.048796 0.019831
v -0.032978 0.048796 0.013660
v -0.035010 0.048796 0.006964
v -0.035695 0.048796 -0.000000
v -0.035010 0.048796 -0.006964
v -0.032978 0.048796 -0.013660
v -0.029680 0.048796 -0.019831
v -0.025240 0.048796 -0.025240
v -0.019831 0.048796 -0.029680
v -0.013660 0.048796 -0.032978
v 0.000000 0.048796 -0.035695
v -0.000000 -0.048536 -0.027781
v 0.010631 -0.048536 -0.025666
v 0.015434 -0.048536 -0.023099
v 0.019644 -0.048536 -0.019644
v 0.023099 -0.048536 -0.015434
v 0.025666 -0.048536 -0.010631
v 0.027247 -0.048536 -0.005420
v 0.027781 -0.048536 0.000000
v 0.027247 -0.048536 0.005420
v 0.025666 -0.048536 0.010631
v 0.023099 -0.048536 0.015434
v 0.019644 -0.048536 0.019644
v 0.015434 -0.048536 0.023099
v 0.010631 -0.048536 0.025666
v 0.005420 -0.048536 0.027247
v -0.000000 -0.048536 0.027781
v -0.005420 -0.048536 0.027247
v -0.010631 -0.048536 0.025666
v -0.015434 -0.048536 0.023099
v -0.019644 -0.048536 0.019644
v -0.023099 -0.048536 0.015434
v -0.025666 -0.048536 0.010631
v -0.027247 -0.048536 0.005420
v -0.027781 -0.048536 -0.000000
v -0.027247 -0.048536 -0.005420
v -0.025666 -0.048536 -0.010631
v -0.023099 -0.048536 -0.015434
v -0.019644 -0.048536 -0.019644
v -0.015434 -0.048536 -0.023099
v -0.010631 -0.048536 -0.025666
v 0.015477 -0.045306 -0.037365
v 0.022469 -0.045306 -0.033628
v 0.028598 -0.045306 -0.028598
v 0.033628 -0.045306 -0.022469
v 0.037365 -0.045306 -0.015477
v 0.039667 -0.045306 -0.007890
v 0.040444 -0.045306 0.000000
v 0.039667 -0.045306 0.007890
v 0.037365 -0.045306 0.015477
v 0.033628 -0.045306 0.022469
v 0.028598 -0.045306 0.028598
v 0.022469 -0.045306 0.033628
v 0.015477 -0.045306 0.037365
v 0.007890 -0.045306 0.039667
v -0.000000 -0.045306 0.040444
v -0.007890 -0.045306 0.039667
v -0.015477 -0.045306 0.037365
v -0.022469 -0.045306 0.033628
v -0.028598 -0.045306 0.028598
v -0.033628 -0.045306 0.022469
v -0.037365 -0.045306 0.015477
v -0.039667 -0.045306 0.007890
v -0.040444 -0.045306 -0.000000
v -0.039667 -0.045306 -0.007890
v -0.037365 -0.045306 -0.015477
v -0.033628 -0.045306 -0.022469
v -0.028598 -0.045306 -0.028598
v -0.022469 -0.045306 -0.033628
v -0.015477 -0.045306 -0.037365
v 0.000000 -0.045309 -0.040444
v 0.003348 -0.048409 -0.008236
v 0.000055 -0.048409 -0.008891
v 0.002851 -0.044772 -0.022942
v 0.006140 -0.044772 -0.022289
v -0.000055 -0.048409 -0.008891
v -0.003348 -0.048409 -0.008236
v -0.002851 -0.044772 -0.022942
v -0.006140 -0.044772 -0.022289
v 0.009029 0.030903 -0.038954
v 0.004411 0.025552 -0.040079
v 0.004479 -0.023615 -0.040090
v 0.009466 -0.028456 -0.039397
v -0.009377 0.031060 -0.039396
v -0.004408 0.025507 -0.040079
v -0.008827 -0.028459 -0.038840
v -0.004476 -0.023613 -0.040090
v 0.006084 0.041991 -0.040088
v 0.009377 0.037475 -0.039394
v -0.009225 0.037466 -0.039444
v -0.006084 0.041982 -0.040088
v 0.009135 -0.033595 -0.039511
v 0.006208 -0.038208 -0.040094
v -0.006208 -0.038208 -0.040094
v -0.009496 -0.033612 -0.039389
v 0.004085 0.039095 -0.041630
v 0.005631 0.036629 -0.041572
v 0.004026 0.028578 -0.041715
v 0.005611 0.031279 -0.041606
v -0.004094 0.039046 -0.041630
v -0.007019 0.036563 -0.041572
v -0.004002 0.028399 -0.041718
v -0.006991 0.031065 -0.041607
v 0.006055 0.036736 -0.043534
v 0.003253 0.039174 -0.043577
v 0.006039 0.032739 -0.043602
v 0.003211 0.030110 -0.043742
v -0.005992 0.036718 -0.043534
v -0.003255 0.039163 -0.043575
v -0.005975 0.032698 -0.043607
v -0.003206 0.030073 -0.043746
v 0.005840 0.037189 -0.046473
v 0.003043 0.039530 -0.046532
v 0.003033 0.032033 -0.046669
v 0.005842 0.034526 -0.046520
v -0.003043 0.039530 -0.046532
v -0.005778 0.037187 -0.046473
v -0.003036 0.032034 -0.046669
v -0.005779 0.034538 -0.046520
v 0.005829 0.037420 -0.049405
v 0.003018 0.039708 -0.049483
v 0.005831 0.035379 -0.049419
v 0.003008 0.032952 -0.049530
v -0.005766 0.037419 -0.049405
v -0.003018 0.039708 -0.049483
v -0.005768 0.035388 -0.049419
v -0.003010 0.032953 -0.049530
v 0.005825 0.037391 -0.052520
v 0.003015 0.039680 -0.052619
v 0.003000 0.033044 -0.052589
v 0.005826 0.035456 -0.052511
v -0.003015 0.039680 -0.052619
v -0.005762 0.037390 -0.052520
v -0.003001 0.033044 -0.052589
v -0.005763 0.035463 -0.052511
v 0.005828 0.036979 -0.056153
v 0.003024 0.039301 -0.056274
v 0.005828 0.034901 -0.056122
v 0.003001 0.032465 -0.056170
v -0.005765 0.036978 -0.056153
v -0.003024 0.039301 -0.056274
v -0.005765 0.034906 -0.056122
v -0.003002 0.032465 -0.056170
v 0.005832 0.035965 -0.059983
v 0.003037 0.038310 -0.060238
v 0.003009 0.031158 -0.059718
v 0.005831 0.033610 -0.059813
v -0.005769 0.035965 -0.059983
v -0.003037 0.038310 -0.060238
v -0.003010 0.031158 -0.059718
v -0.005768 0.033615 -0.059814
v 0.003038 0.035746 -0.065151
v 0.005833 0.033667 -0.064305
v 0.003023 0.029180 -0.062758
v 0.005834 0.031360 -0.063468
v -0.003038 0.035746 -0.065151
v -0.005770 0.033666 -0.064305
v -0.003024 0.029180 -0.062758
v -0.005771 0.031363 -0.063470
v 0.003037 0.030656 -0.070139
v 0.005838 0.029296 -0.068555
v 0.005840 0.027642 -0.066777
v 0.003043 0.026164 -0.065303
v -0.005775 0.029296 -0.068555
v -0.003037 0.030656 -0.070139
v -0.005777 0.027643 -0.066779
v -0.003044 0.026164 -0.065303
v 0.005845 0.023712 -0.071685
v 0.003040 0.024481 -0.073625
v 0.005848 0.022700 -0.069408
v 0.003058 0.021780 -0.067551
v -0.003040 0.024481 -0.073625
v -0.005782 0.023712 -0.071685
v -0.005785 0.022700 -0.069410
v -0.003059 0.021780 -0.067551
v 0.003023 0.017438 -0.075853
v 0.005824 0.016911 -0.073818
v 0.003041 0.015506 -0.069492
v 0.005826 0.016195 -0.071462
v -0.005762 0.016911 -0.073818
v -0.003023 0.017438 -0.075853
v -0.003042 0.015506 -0.069492
v -0.005763 0.016196 -0.071464
v 0.005701 0.008095 -0.075357
v 0.002922 0.008364 -0.077445
v 0.002945 0.007267 -0.071023
v 0.005703 0.007704 -0.073071
v -0.002922 0.008364 -0.077445
v -0.005638 0.008095 -0.075357
v -0.002945 0.007267 -0.071023
v -0.005640 0.007704 -0.073072
v 0.005623 -0.000708 -0.075800
v 0.002858 -0.000735 -0.077906
v 0.002884 -0.000831 -0.071508
v 0.005624 -0.000743 -0.073590
v -0.005560 -0.000708 -0.075800
v -0.002858 -0.000735 -0.077906
v -0.005561 -0.000743 -0.073591
v -0.002884 -0.000831 -0.071508
v -0.004880 -0.026244 -0.041673
v -0.006490 -0.028669 -0.041537
v 0.006490 -0.028669 -0.041537
v 0.004882 -0.026244 -0.041673
v 0.004889 -0.035847 -0.041530
v 0.006504 -0.033545 -0.041467
v -0.006504 -0.033545 -0.041467
v -0.004889 -0.035847 -0.041530
v -0.004563 -0.027265 -0.043352
v -0.007707 -0.029631 -0.043226
v 0.007770 -0.029631 -0.043226
v 0.004565 -0.027266 -0.043352
v 0.007783 -0.033663 -0.043165
v 0.004566 -0.035918 -0.043217
v -0.004566 -0.035918 -0.043217
v -0.007720 -0.033663 -0.043165
v -0.006840 -0.030810 -0.045548
v -0.003871 -0.028482 -0.045669
v 0.003872 -0.028482 -0.045669
v 0.006903 -0.030810 -0.045548
v 0.003872 -0.036220 -0.045538
v 0.006912 -0.033982 -0.045496
v -0.003872 -0.036220 -0.045538
v -0.006849 -0.033982 -0.045496
v -0.003272 -0.029602 -0.048956
v -0.006085 -0.031907 -0.048845
v 0.003273 -0.029602 -0.048956
v 0.006148 -0.031907 -0.048845
v 0.006148 -0.034413 -0.048817
v 0.003264 -0.036646 -0.048876
v -0.006085 -0.034413 -0.048817
v -0.003264 -0.036646 -0.048876
v -0.005909 -0.032221 -0.052130
v -0.003131 -0.029928 -0.052163
v 0.005972 -0.032221 -0.052130
v 0.003132 -0.029929 -0.052163
v 0.005970 -0.034568 -0.052186
v 0.003127 -0.036798 -0.052329
v -0.003127 -0.036798 -0.052329
v -0.005907 -0.034568 -0.052186
v -0.003038 -0.029791 -0.055157
v -0.005789 -0.032062 -0.055458
v 0.003038 -0.029791 -0.055157
v 0.005852 -0.032062 -0.055458
v 0.003032 -0.036417 -0.056295
v 0.005851 -0.034231 -0.055830
v -0.003032 -0.036417 -0.056295
v -0.005788 -0.034231 -0.055830
v -0.003020 -0.029034 -0.058248
v -0.005763 -0.031203 -0.059019
v 0.005826 -0.031203 -0.059019
v 0.003020 -0.029034 -0.058248
v 0.003008 -0.035246 -0.060726
v 0.005823 -0.033192 -0.059811
v -0.005760 -0.033192 -0.059811
v -0.003008 -0.035246 -0.060726
v -0.005767 -0.028760 -0.063119
v -0.003024 -0.026757 -0.062028
v 0.005830 -0.028759 -0.063118
v 0.003024 -0.026757 -0.062028
v 0.003014 -0.032477 -0.065434
v 0.005828 -0.030600 -0.064214
v -0.003014 -0.032477 -0.065434
v -0.005765 -0.030600 -0.064214
v -0.005771 -0.024422 -0.067088
v -0.003032 -0.022798 -0.065595
v 0.005834 -0.024422 -0.067088
v 0.003033 -0.022798 -0.065595
v 0.005832 -0.025970 -0.068622
v 0.003019 -0.027457 -0.070220
v -0.005769 -0.025969 -0.068622
v -0.003019 -0.027457 -0.070220
v -0.005777 -0.017861 -0.070507
v -0.003046 -0.016770 -0.068678
v 0.003046 -0.016770 -0.068678
v 0.005840 -0.017860 -0.070507
v 0.003024 -0.019883 -0.074406
v 0.005838 -0.018944 -0.072499
v -0.003024 -0.019883 -0.074406
v -0.005775 -0.018944 -0.072499
v -0.003015 -0.009478 -0.070681
v -0.005731 -0.009999 -0.072699
v 0.005794 -0.009999 -0.072699
v 0.003015 -0.009478 -0.070681
v 0.005793 -0.010509 -0.074928
v 0.002989 -0.010920 -0.076992
v -0.005730 -0.010509 -0.074928
v -0.002989 -0.010920 -0.076992
v 0.009455 0.047791 -0.038957
v 0.006138 0.047793 -0.039613
v -0.009455 0.047791 -0.038957
v -0.006139 0.047792 -0.039613
v 0.005886 0.049836 -0.038306
v 0.009195 0.049836 -0.037651
v -0.009195 0.049836 -0.037651
v -0.005887 0.049836 -0.038306
v 0.005592 0.049857 -0.036794
v 0.008894 0.049857 -0.036139
v -0.008894 0.049857 -0.036139
v -0.005592 0.049857 -0.036794
v 0.004905 -0.037953 -0.033271
v 0.008194 -0.037953 -0.032618
v -0.004905 -0.037953 -0.033271
v -0.008194 -0.037953 -0.032618
v 0.008378 0.037619 -0.033548
v 0.005085 0.037619 -0.034201
v -0.005086 0.037619 -0.034201
v -0.008378 0.037619 -0.033548
v 0.005044 -0.005618 -0.033981
v 0.008334 -0.005618 -0.033327
v -0.008334 -0.005618 -0.033327
v -0.005044 -0.005618 -0.033981
v 0.007584 -0.044491 -0.029549
v 0.004295 -0.044491 -0.030202
v -0.007584 -0.044491 -0.029549
v -0.004295 -0.044491 -0.030202
v 0.006130 -0.049244 -0.039478
v 0.009429 -0.049244 -0.038823
v -0.009429 -0.049244 -0.038823
v -0.006130 -0.049244 -0.039478
v 0.008747 -0.049847 -0.035387
v 0.005451 -0.049847 -0.036041
v -0.008747 -0.049847 -0.035387
v -0.005451 -0.049847 -0.036041
v 0.009087 -0.049996 -0.037098
v 0.005790 -0.049996 -0.037752
v -0.009087 -0.049996 -0.037098
v -0.005790 -0.049996 -0.037752
v 0.005214 -0.049279 -0.034839
v 0.008508 -0.049279 -0.034185
v -0.005214 -0.049279 -0.034839
v -0.008508 -0.049279 -0.034185
v 0.008361 -0.049040 -0.033443
v 0.005068 -0.049040 -0.034098
v -0.005068 -0.049040 -0.034098
v -0.008361 -0.049040 -0.033443
v 0.005275 0.048796 -0.035176
v 0.008572 0.048796 -0.034522
v -0.008572 0.048796 -0.034522
v -0.005276 0.048796 -0.035176
v 0.007032 -0.048536 -0.026758
v 0.003739 -0.048536 -0.027413
v -0.003739 -0.048536 -0.027413
v -0.007032 -0.048536 -0.026758
v 0.009500 -0.045308 -0.039178
v 0.006196 -0.045308 -0.039833
v -0.006196 -0.045308 -0.039833
v -0.009500 -0.045308 -0.039178
v -0.000000 -0.044772 -0.000000
v -0.000000 -0.044772 -0.017189
v -0.000000 -0.048409 0.000013
v -0.000000 -0.048409 -0.008615
vn 0.1932 0.8633 -0.4663
vn 0.2804 0.8632 -0.4197
vn 0.5318 0.2892 -0.7959
vn 0.3700 0.2912 -0.8822
vn -0.0022 0.7234 -0.6905
vn -0.0002 0.2070 -0.9783
vn 0.2459 0.1543 -0.9569
vn 0.5274 0.5752 -0.6254
vn -0.0000 0.3257 -0.9455
vn 0.1538 0.3175 -0.9357
vn 0.3806 0.0004 -0.9247
vn 0.5555 0.0098 -0.8314
vn 0.6769 0.2892 -0.6769
vn 0.7071 0.0098 -0.7071
vn 0.7959 0.2892 -0.5318
vn 0.8314 0.0098 -0.5555
vn 0.8844 0.2892 -0.3663
vn 0.9238 0.0098 -0.3827
vn 0.9389 0.2892 -0.1868
vn 0.9807 0.0098 -0.1951
vn 0.9573 0.2892 -0.0000
vn 1.0000 0.0098 -0.0000
vn 0.9389 0.2892 0.1868
vn 0.9807 0.0098 0.1951
vn 0.8844 0.2892 0.3663
vn 0.9238 0.0098 0.3827
vn 0.7959 0.2892 0.5318
vn 0.8314 0.0098 0.5555
vn 0.6769 0.2892 0.6769
vn 0.7071 0.0098 0.7071
vn 0.5318 0.2892 0.7959
vn 0.5555 0.0098 0.8314
vn 0.3663 0.2892 0.8844
vn 0.3827 0.0098 0.9238
vn 0.1868 0.2892 0.9389
vn 0.1951 0.0098 0.9807
vn -0.0000 0.2892 0.9573
vn -0.0000 0.0098 1.0000
vn -0.1868 0.2892 0.9389
vn -0.1951 0.0098 0.9807
vn -0.3663 0.2892 0.8844
vn -0.3827 0.0098 0.9238
vn -0.5318 0.2892 0.7959
vn -0.5555 0.0098 0.8314
vn -0.6769 0.2892 0.6769
vn -0.7071 0.0098 0.7071
vn -0.7959 0.2892 0.5318
vn -0.8314 0.0098 0.5555
vn -0.8844 0.2892 0.3663
vn -0.9238 0.0098 0.3827
vn -0.9389 0.2892 0.1868
vn -0.9807 0.0098 0.1951
vn -0.9573 0.2892 -0.0000
vn -1.0000 0.0098 -0.0000
vn -0.9389 0.2892 -0.1868
vn -0.9807 0.0098 -0.1951
vn -0.8844 0.2892 -0.3663
vn -0.9238 0.0098 -0.3827
vn -0.7959 0.2892 -0.5318
vn -0.8314 0.0098 -0.5555
vn -0.6769 0.2892 -0.6769
vn -0.7071 0.0098 -0.7071
vn -0.5318 0.2892 -0.7959
vn -0.5555 0.0098 -0.8314
vn -0.3701 0.2912 -0.8822
vn -0.3928 0.0113 -0.9195
vn 0.0077 0.9998 0.0187
vn 0.0048 0.9998 0.0190
vn 0.1364 0.8283 0.5435
vn 0.2184 0.8211 0.5273
vn -0.2490 0.1752 -0.9525
vn -0.1534 0.3176 -0.9357
vn -0.0000 -1.0000 -0.0000
vn -0.0030 -1.0000 0.0020
vn -0.0033 -1.0000 0.0014
vn -0.0035 -1.0000 0.0007
vn -0.0036 -1.0000 -0.0000
vn -0.0035 -1.0000 -0.0007
vn -0.0033 -1.0000 -0.0014
vn -0.0030 -1.0000 -0.0020
vn -0.0025 -1.0000 -0.0025
vn -0.0020 -1.0000 -0.0030
vn -0.0014 -1.0000 -0.0033
vn -0.0007 -1.0000 -0.0035
vn -0.0000 -1.0000 -0.0036
vn 0.0007 -1.0000 -0.0035
vn 0.0014 -1.0000 -0.0033
vn 0.0020 -1.0000 -0.0030
vn 0.0025 -1.0000 -0.0025
vn 0.0030 -1.0000 -0.0020
vn 0.0033 -1.0000 -0.0014
vn 0.0035 -1.0000 -0.0007
vn 0.0036 -1.0000 -0.0000
vn 0.0035 -1.0000 0.0007
vn 0.0033 -1.0000 0.0014
vn 0.0030 -1.0000 0.0020
vn 0.0025 -1.0000 0.0025
vn 0.0020 -1.0000 0.0030
vn 0.0014 -1.0000 0.0033
vn 0.0008 -1.0000 0.0034
vn 0.0162 -0.9991 0.0391
vn 0.0101 -0.9991 0.0401
vn -0.0000 1.0000 -0.0000
vn -0.5322 0.6121 -0.5848
vn -0.2824 0.2162 -0.9346
vn -0.0000 0.2304 -0.9731
vn -0.0000 0.6630 -0.7486
vn -0.0003 0.9989 0.0472
vn 0.4929 0.8686 0.0500
vn 0.4759 0.8793 0.0168
vn -0.0000 0.9999 0.0116
vn -0.3689 0.0139 -0.9294
vn -0.3811 -0.0016 -0.9246
vn -0.4303 -0.0714 -0.8999
vn -0.4362 0.1098 -0.8931
vn -0.8970 -0.3305 -0.2937
vn -0.4137 -0.0131 -0.9103
vn -0.8267 0.4262 -0.3673
vn 0.0015 -0.1800 -0.9837
vn -0.2639 -0.1924 -0.9452
vn -0.4196 -0.5222 -0.7425
vn 0.0073 -0.5577 -0.8300
vn -0.5556 -0.0000 -0.8315
vn -0.3777 0.0167 -0.9258
vn -0.4188 0.0805 -0.9045
vn -0.7127 0.2370 -0.6602
vn -0.6470 -0.3031 -0.6996
vn -0.7071 -0.0000 -0.7071
vn -0.0000 -0.9976 0.0696
vn -0.4925 -0.8685 0.0557
vn -0.4825 -0.8467 0.2243
vn -0.0000 -0.9634 0.2681
vn 0.4914 -0.7744 -0.3985
vn 0.0014 -0.8841 -0.4673
vn -0.0000 -0.9834 -0.1815
vn 0.4984 -0.8532 -0.1540
vn -0.8315 -0.0000 -0.5556
vn -0.9239 -0.0000 -0.3827
vn -0.9808 -0.0000 -0.1951
vn -1.0000 -0.0000 -0.0000
vn -0.9808 -0.0000 0.1951
vn -0.9239 -0.0000 0.3827
vn -0.8315 -0.0000 0.5556
vn -0.7071 -0.0000 0.7071
vn -0.5556 -0.0000 0.8315
vn -0.3827 -0.0000 0.9239
vn -0.1951 -0.0000 0.9808
vn -0.0000 -0.0000 1.0000
vn 0.1951 -0.0000 0.9808
vn 0.3827 -0.0000 0.9239
vn 0.5556 -0.0000 0.8315
vn 0.7071 -0.0000 0.7071
vn 0.8315 -0.0000 0.5556
vn 0.9239 -0.0000 0.3827
vn 0.9808 -0.0000 0.1951
vn 1.0000 -0.0000 -0.0000
vn 0.9808 -0.0000 -0.1951
vn 0.9239 -0.0000 -0.3827
vn 0.8315 -0.0000 -0.5556
vn 0.7071 -0.0000 -0.7071
vn 0.5556 -0.0000 -0.8315
vn 0.3942 -0.0019 -0.9190
vn 0.3864 0.0013 -0.9223
vn 0.3754 -0.0072 -0.9268
vn 0.7966 0.4165 -0.4381
vn 0.4013 0.0621 -0.9138
vn 0.4175 -0.0554 -0.9070
vn 0.8816 -0.3645 -0.3000
vn 0.9008 0.4342 0.0119
vn 0.9314 0.3620 0.0380
vn 0.9268 -0.3313 -0.1768
vn 0.9124 -0.3601 -0.1944
vn -0.5165 0.8538 -0.0645
vn -0.4788 0.6137 -0.6278
vn -0.0019 0.9990 -0.0447
vn 0.2545 0.2169 -0.9424
vn 0.4853 0.6077 -0.6286
vn -0.0000 -0.2085 -0.9780
vn -0.0000 -0.0668 -0.9978
vn -0.1538 -0.0623 -0.9861
vn -0.2539 -0.1613 -0.9537
vn -0.4808 0.8767 0.0167
vn -0.4981 0.8656 0.0506
vn 0.3859 -0.0721 -0.9197
vn -0.0000 -0.7987 -0.6017
vn -0.5272 -0.6771 -0.5134
vn -0.0000 0.9984 -0.0562
vn 0.4724 0.8800 -0.0492
vn 0.4772 0.8660 -0.1493
vn -0.0000 0.9859 -0.1671
vn -0.4390 -0.6637 -0.6056
vn 0.0075 -0.7603 -0.6495
vn -0.0000 0.3948 -0.9188
vn 0.4501 0.3559 -0.8190
vn 0.4552 0.2089 -0.8656
vn -0.0000 0.2338 -0.9723
vn 0.8782 0.2860 -0.3833
vn 0.8802 0.3758 -0.2899
vn 0.9118 -0.3165 0.2615
vn 0.9053 -0.2412 0.3497
vn -0.4821 0.8634 -0.1488
vn -0.4773 0.8774 -0.0490
vn 0.2648 -0.1658 -0.9499
vn 0.5347 0.8446 -0.0267
vn -0.5045 -0.8497 -0.1534
vn 0.4857 -0.4847 -0.7274
vn 0.4933 -0.6753 -0.5483
vn 0.4867 -0.8718 0.0559
vn -0.8830 0.4205 -0.2084
vn -0.8119 -0.3281 -0.4828
vn 0.1527 -0.0629 -0.9863
vn 0.2526 -0.1597 -0.9543
vn -0.4957 -0.7705 -0.4008
vn -0.4808 0.8758 -0.0434
vn -0.4665 0.8501 -0.2442
vn -0.0000 0.9689 -0.2474
vn -0.0000 0.9993 -0.0367
vn 0.4604 -0.8869 -0.0387
vn -0.0000 -0.9992 -0.0400
vn -0.0000 -0.9824 -0.1868
vn 0.4611 -0.8720 -0.1640
vn -0.9154 -0.3533 -0.1930
vn -0.9032 0.4291 0.0122
vn -0.9014 0.4328 0.0109
vn -0.9243 -0.3765 -0.0623
vn 0.8907 0.4223 -0.1684
vn 0.9130 -0.3694 0.1731
vn -0.4694 -0.7870 0.4004
vn -0.0000 -0.8817 0.4719
vn 0.9219 -0.3822 -0.0634
vn 0.8989 0.4380 0.0110
vn -0.9153 -0.3647 0.1709
vn -0.8933 0.4174 -0.1666
vn -0.8830 0.3716 -0.2869
vn -0.9141 -0.3127 0.2583
vn 0.4768 -0.8497 0.2250
vn 0.4639 -0.7896 0.4016
vn -0.4661 0.7118 -0.5255
vn -0.4810 0.8208 -0.3082
vn -0.0000 0.9374 -0.3484
vn -0.0000 0.8049 -0.5934
vn -0.9196 -0.3922 0.0235
vn -0.9006 0.4339 -0.0256
vn -0.8994 0.4299 -0.0788
vn -0.9176 -0.3860 0.0953
vn 0.8981 0.4391 -0.0260
vn 0.9171 -0.3978 0.0238
vn 0.4456 -0.4928 0.7474
vn 0.4506 -0.6642 0.5965
vn -0.0000 -0.7258 0.6879
vn -0.0000 -0.5348 0.8450
vn 0.4763 0.8232 -0.3092
vn 0.9034 -0.1656 0.3956
vn 0.8816 0.1876 -0.4331
vn -0.0000 -0.3685 0.9296
vn -0.4509 -0.4912 0.7452
vn -0.4584 -0.3355 0.8230
vn 0.9152 -0.3912 0.0966
vn 0.8969 0.4350 -0.0798
vn -0.9076 -0.2384 0.3457
vn -0.8810 0.2829 -0.3792
vn -0.8843 0.1856 -0.4285
vn -0.9057 -0.1638 0.3910
vn -0.4548 0.3550 -0.8168
vn -0.4531 0.5361 -0.7122
vn -0.0000 0.5982 -0.8013
vn -0.4560 -0.6620 0.5948
vn -0.4311 0.7818 -0.4504
vn -0.4718 0.7542 -0.4567
vn -0.0000 0.8301 -0.5577
vn -0.0000 0.8880 -0.4598
vn 0.4615 0.7137 -0.5269
vn 0.4532 -0.3366 0.8254
vn 0.4485 0.5375 -0.7141
vn 0.4572 -0.2169 0.8625
vn -0.0000 -0.2375 0.9714
vn -0.0000 -0.1209 0.9927
vn 0.4586 -0.1132 0.8814
vn 0.8879 0.0417 -0.4582
vn 0.8872 0.1025 -0.4499
vn 0.9012 -0.1131 0.4184
vn 0.9023 -0.0640 0.4264
vn -0.4638 -0.1129 0.8787
vn -0.4612 0.0173 0.8871
vn -0.0000 0.0209 0.9998
vn -0.0000 0.1072 -0.9942
vn 0.4568 0.0956 -0.8844
vn 0.4557 -0.0156 -0.8900
vn -0.0000 -0.0203 -0.9998
vn -0.4599 0.2083 -0.8632
vn -0.4616 0.0953 -0.8820
vn -0.9036 -0.1119 0.4135
vn -0.8898 0.1013 -0.4450
vn -0.4624 -0.2163 0.8599
vn -0.9046 -0.0634 0.4214
vn -0.8905 0.0411 -0.4532
vn -0.8889 -0.0056 -0.4581
vn -0.9060 0.0107 0.4232
vn -0.4605 -0.0155 -0.8875
vn 0.4560 0.0173 0.8898
vn -0.0000 0.0470 -0.9989
vn 0.1949 0.0470 -0.9797
vn 0.1654 0.5299 -0.8318
vn -0.0000 0.5299 -0.8481
vn 0.8911 0.4013 -0.2119
vn 0.8831 -0.4629 -0.0769
vn 0.8905 -0.4526 -0.0465
vn 0.9081 0.4158 -0.0502
vn 0.4535 -0.1611 -0.8766
vn -0.0000 -0.1806 -0.9836
vn 0.9036 0.0108 0.4282
vn 0.8863 -0.0058 -0.4632
vn 0.9044 0.0888 0.4174
vn 0.9066 0.1584 0.3912
vn 0.8823 -0.1772 -0.4360
vn 0.8841 -0.0767 -0.4609
vn -0.0000 0.1789 0.9839
vn 0.4534 0.1656 0.8758
vn -0.4585 0.1652 0.8732
vn -0.4582 -0.1606 -0.8742
vn -0.9220 -0.3758 0.0935
vn -0.9280 0.3689 -0.0529
vn -0.8347 0.3713 -0.4067
vn -0.8688 -0.4564 -0.1919
vn -0.0000 0.9209 0.3897
vn 0.4821 0.8105 0.3328
vn 0.4725 0.6784 0.5626
vn -0.0000 0.7617 0.6479
vn 0.9266 0.3736 -0.0428
vn 0.9199 -0.3782 0.1034
vn -0.4658 -0.8696 -0.1636
vn -0.4670 -0.8159 -0.3409
vn -0.0000 -0.9201 -0.3916
vn 0.5315 -0.6783 -0.5074
vn -0.0000 -1.0000 -0.0089
vn 0.4795 -0.8774 0.0154
vn -0.8856 -0.4579 -0.0777
vn -0.8933 0.3967 -0.2110
vn -0.9103 0.4109 -0.0502
vn -0.8930 -0.4476 -0.0465
vn 0.4690 0.7572 -0.4547
vn 0.8244 0.2452 -0.5102
vn 0.7342 -0.3115 -0.6033
vn -0.4835 -0.8752 0.0120
vn 0.4271 0.7841 -0.4502
vn -0.0000 -0.9987 0.0507
vn -0.0000 -0.9986 0.0534
vn -0.4514 -0.8923 -0.0008
vn -0.4553 -0.8900 0.0240
vn 0.4514 -0.3422 -0.8241
vn -0.0000 -0.3806 -0.9247
vn 0.8666 -0.4612 -0.1907
vn 0.8324 0.3751 -0.4079
vn 0.4624 -0.8182 -0.3418
vn 0.4470 -0.8945 0.0006
vn 0.4508 -0.8923 0.0247
vn 0.9172 0.3103 0.2500
vn 0.9196 0.3649 0.1453
vn 0.8856 -0.4281 -0.1801
vn 0.8848 -0.3639 -0.2911
vn -0.4830 0.8680 0.1157
vn -0.0000 0.9897 0.1432
vn -0.9148 0.4022 0.0382
vn -0.8924 -0.4411 -0.0947
vn 0.4619 0.8527 -0.2441
vn 0.4758 0.8785 -0.0433
vn -0.4651 -0.8844 -0.0388
vn -0.8883 -0.4234 -0.1781
vn -0.9217 0.3605 0.1435
vn -0.9192 0.3066 0.2469
vn -0.8875 -0.3599 -0.2879
vn -0.0000 -0.7823 -0.6229
vn -0.4663 -0.6945 -0.5480
vn -0.4601 -0.5271 -0.7145
vn -0.0000 -0.5908 -0.8068
vn 0.9126 0.4070 0.0389
vn 0.8898 -0.4461 -0.0955
vn -0.4872 0.8078 0.3317
vn 0.4779 0.8707 0.1162
vn -0.4777 0.6762 0.5609
vn -0.0000 0.5540 0.8325
vn -0.4644 0.4998 0.7311
vn 0.9118 0.2372 0.3352
vn 0.8827 -0.2761 -0.3803
vn 0.4592 0.5014 0.7333
vn 0.4616 -0.6964 -0.5495
vn 0.4554 -0.5285 -0.7165
vn -0.0000 0.3523 0.9359
vn 0.4530 0.3223 0.8312
vn -0.8868 -0.0758 -0.4559
vn -0.8850 -0.1752 -0.4314
vn -0.9088 0.1567 0.3867
vn -0.9067 0.0880 0.4126
vn -0.4581 0.3213 0.8288
vn -0.8854 -0.2730 -0.3762
vn -0.9139 0.2345 0.3312
vn 0.1203 0.8693 -0.4793
vn 0.2458 0.3013 -0.9213
vn -0.4561 -0.3413 -0.8219
vn -0.1429 0.2306 0.9625
vn -0.0000 0.2293 0.9733
vn -0.0000 0.8211 0.5708
vn -0.0818 0.8283 0.5543
vn -0.9797 0.0470 0.1949
vn -0.9989 0.0470 -0.0000
vn -0.8480 0.5299 -0.0000
vn -0.8318 0.5299 0.1654
vn 0.9797 0.0470 0.1949
vn 0.9229 0.0470 0.3823
vn 0.7835 0.5299 0.3245
vn 0.8318 0.5299 0.1654
vn 0.1245 0.5232 0.8431
vn -0.0000 0.5299 0.8481
vn -0.0000 0.9660 0.2585
vn 0.0395 0.9636 0.2643
vn -0.1245 0.5232 0.8431
vn -0.0395 0.9636 0.2643
vn -0.3245 0.5299 0.7835
vn -0.4712 0.5299 0.7051
vn -0.1436 0.9660 0.2149
vn -0.0989 0.9660 0.2388
vn -0.5997 0.5299 0.5997
vn -0.1828 0.9660 0.1828
vn -0.7051 0.5299 0.4712
vn -0.2149 0.9660 0.1436
vn -0.7835 0.5299 0.3245
vn -0.2388 0.9660 0.0989
vn -0.2535 0.9660 0.0504
vn -0.2585 0.9660 -0.0000
vn -0.8318 0.5299 -0.1654
vn -0.2535 0.9660 -0.0504
vn -0.7835 0.5299 -0.3245
vn -0.2388 0.9660 -0.0989
vn -0.7051 0.5299 -0.4712
vn -0.2149 0.9660 -0.1436
vn -0.5997 0.5299 -0.5997
vn -0.1828 0.9660 -0.1828
vn -0.4712 0.5299 -0.7051
vn -0.1436 0.9660 -0.2149
vn -0.3245 0.5299 -0.7835
vn -0.0989 0.9660 -0.2388
vn -0.1654 0.5299 -0.8318
vn -0.0504 0.9660 -0.2535
vn -0.0000 0.9660 -0.2585
vn 0.0504 0.9660 -0.2535
vn 0.3245 0.5299 -0.7835
vn 0.0989 0.9660 -0.2388
vn 0.4712 0.5299 -0.7051
vn 0.1436 0.9660 -0.2149
vn 0.5997 0.5299 -0.5997
vn 0.1828 0.9660 -0.1828
vn 0.7051 0.5299 -0.4712
vn 0.2149 0.9660 -0.1436
vn 0.7835 0.5299 -0.3245
vn 0.2388 0.9660 -0.0989
vn 0.8318 0.5299 -0.1654
vn 0.2535 0.9660 -0.0504
vn 0.8481 0.5299 -0.0000
vn 0.2585 0.9660 -0.0000
vn 0.2535 0.9660 0.0504
vn 0.2388 0.9660 0.0989
vn 0.7051 0.5299 0.4712
vn 0.2149 0.9660 0.1436
vn 0.3245 0.5299 0.7835
vn 0.2072 0.5233 0.8266
vn 0.0645 0.9637 0.2593
vn 0.0989 0.9660 0.2388
vn 0.5997 0.5299 0.5997
vn 0.4712 0.5299 0.7051
vn 0.1436 0.9660 0.2149
vn 0.1828 0.9660 0.1828
vn -0.2072 0.5233 0.8266
vn -0.0645 0.9637 0.2593
vn -0.0000 0.8634 -0.5045
vn -0.0719 0.8695 -0.4887
vn -0.1932 0.8633 -0.4663
vn -0.2804 0.8632 -0.4197
vn -0.3569 0.8632 -0.3569
vn -0.4197 0.8632 -0.2804
vn -0.4664 0.8632 -0.1932
vn -0.4951 0.8632 -0.0985
vn -0.5048 0.8632 -0.0000
vn -0.4951 0.8632 0.0985
vn -0.4664 0.8632 0.1932
vn -0.4197 0.8632 0.2804
vn -0.3569 0.8632 0.3569
vn -0.2804 0.8632 0.4197
vn -0.1932 0.8632 0.4664
vn -0.0985 0.8632 0.4951
vn -0.0000 0.8632 0.5048
vn 0.0985 0.8632 0.4951
vn 0.1932 0.8632 0.4664
vn 0.2804 0.8632 0.4197
vn 0.3569 0.8632 0.3569
vn 0.4197 0.8632 0.2804
vn 0.4664 0.8632 0.1932
vn 0.4951 0.8632 0.0985
vn 0.5048 0.8632 -0.0000
vn 0.4951 0.8632 -0.0985
vn -0.7063 0.0470 0.7063
vn -0.8306 0.0470 0.5550
vn 0.4664 0.8632 -0.1932
vn -0.5550 0.0470 -0.8306
vn -0.3823 0.0470 -0.9229
vn 0.4197 0.8632 -0.2804
vn 0.9229 0.0470 -0.3823
vn 0.9797 0.0470 -0.1949
vn 0.3569 0.8632 -0.3569
vn -0.0009 -1.0000 0.0034
vn -0.0014 -1.0000 0.0033
vn 0.0719 0.8695 -0.4887
vn -0.1203 0.8693 -0.4793
vn 0.0028 0.9998 0.0194
vn -0.0000 0.9998 0.0202
vn 0.0818 0.8283 0.5543
vn 0.0112 0.9998 0.0168
vn 0.3171 0.8211 0.4746
vn 0.0143 0.9998 0.0143
vn 0.4036 0.8211 0.4036
vn 0.0168 0.9998 0.0112
vn 0.4746 0.8211 0.3171
vn 0.0187 0.9998 0.0077
vn 0.5273 0.8211 0.2184
vn 0.0198 0.9998 0.0039
vn 0.5598 0.8211 0.1114
vn 0.0202 0.9998 -0.0000
vn 0.5708 0.8211 -0.0000
vn 0.0198 0.9998 -0.0039
vn 0.5598 0.8211 -0.1114
vn 0.0187 0.9998 -0.0077
vn 0.5273 0.8211 -0.2184
vn 0.0168 0.9998 -0.0112
vn 0.4746 0.8211 -0.3171
vn 0.0143 0.9998 -0.0143
vn 0.4036 0.8211 -0.4036
vn 0.0112 0.9998 -0.0168
vn 0.3171 0.8211 -0.4746
vn 0.0077 0.9998 -0.0187
vn 0.2184 0.8211 -0.5273
vn 0.0039 0.9998 -0.0198
vn 0.1114 0.8211 -0.5598
vn -0.0000 0.9998 -0.0202
vn -0.0000 0.8211 -0.5708
vn -0.0039 0.9998 -0.0198
vn -0.1114 0.8211 -0.5598
vn -0.0077 0.9998 -0.0187
vn -0.2184 0.8211 -0.5273
vn -0.0112 0.9998 -0.0168
vn -0.3171 0.8211 -0.4746
vn -0.0143 0.9998 -0.0143
vn -0.4036 0.8211 -0.4036
vn -0.0168 0.9998 -0.0112
vn -0.4746 0.8211 -0.3171
vn -0.0187 0.9998 -0.0077
vn -0.5273 0.8211 -0.2184
vn -0.0198 0.9998 -0.0039
vn -0.5598 0.8211 -0.1114
vn -0.0202 0.9998 -0.0000
vn -0.5708 0.8211 -0.0000
vn -0.0198 0.9998 0.0039
vn -0.5598 0.8211 0.1114
vn -0.0186 0.9998 0.0077
vn -0.5273 0.8211 0.2184
vn -0.3725 0.2293 0.8993
vn -0.2361 0.2305 0.9440
vn -0.1364 0.8283 0.5435
vn -0.2184 0.8211 0.5273
vn -0.0168 0.9998 0.0112
vn -0.4746 0.8211 0.3171
vn -0.0112 0.9998 0.0168
vn -0.0143 0.9998 0.0143
vn -0.4036 0.8211 0.4036
vn -0.3171 0.8211 0.4746
vn -0.0077 0.9998 0.0186
vn -0.0048 0.9998 0.0190
vn -0.0028 0.9998 0.0194
vn -0.1466 0.0138 0.9891
vn -0.0000 0.0138 0.9999
vn -0.3826 0.0138 0.9238
vn -0.2428 0.0138 0.9700
vn -0.5408 0.2293 0.8093
vn -0.5555 0.0138 0.8314
vn 0.1429 0.2306 0.9625
vn -0.6883 0.2293 0.6883
vn -0.7070 0.0138 0.7070
vn -0.8093 0.2293 0.5408
vn -0.8314 0.0138 0.5555
vn -0.8993 0.2293 0.3725
vn -0.9238 0.0138 0.3826
vn -0.9546 0.2293 0.1899
vn -0.9807 0.0138 0.1951
vn -0.9733 0.2293 -0.0000
vn -0.9999 0.0138 -0.0000
vn -0.9546 0.2293 -0.1899
vn -0.9807 0.0138 -0.1951
vn -0.8993 0.2293 -0.3725
vn -0.9238 0.0138 -0.3826
vn -0.8093 0.2293 -0.5408
vn -0.8314 0.0138 -0.5555
vn -0.6883 0.2293 -0.6883
vn -0.7070 0.0138 -0.7070
vn -0.5408 0.2293 -0.8093
vn -0.5555 0.0138 -0.8314
vn -0.3725 0.2293 -0.8993
vn -0.3826 0.0138 -0.9238
vn -0.1899 0.2293 -0.9546
vn -0.1951 0.0138 -0.9807
vn -0.0000 0.2293 -0.9733
vn -0.0000 0.0138 -0.9999
vn 0.1899 0.2293 -0.9546
vn 0.1951 0.0138 -0.9807
vn 0.3725 0.2293 -0.8993
vn 0.3826 0.0138 -0.9238
vn 0.5408 0.2293 -0.8093
vn 0.5555 0.0138 -0.8314
vn 0.6883 0.2293 -0.6883
vn 0.7070 0.0138 -0.7070
vn -0.0000 0.0470 0.9989
vn 0.1463 0.0469 0.9881
vn 0.8093 0.2293 -0.5408
vn 0.8314 0.0138 -0.5555
vn 0.8306 0.0470 0.5550
vn 0.7063 0.0470 0.7063
vn 0.8993 0.2293 -0.3725
vn 0.9238 0.0138 -0.3826
vn 0.9989 0.0470 -0.0000
vn 0.9546 0.2293 -0.1899
vn 0.9807 0.0138 -0.1951
vn 0.8305 0.0470 -0.5550
vn 0.9733 0.2293 -0.0000
vn 0.9999 0.0138 -0.0000
vn 0.3823 0.0470 -0.9229
vn 0.5550 0.0470 -0.8306
vn 0.9546 0.2293 0.1899
vn 0.9807 0.0138 0.1951
vn -0.1949 0.0470 -0.9797
vn 0.8993 0.2293 0.3725
vn 0.9238 0.0138 0.3826
vn -0.7063 0.0470 -0.7063
vn 0.8093 0.2293 0.5408
vn 0.8314 0.0138 0.5555
vn -0.9797 0.0470 -0.1949
vn -0.9229 0.0470 -0.3823
vn 0.6883 0.2293 0.6883
vn 0.7070 0.0138 0.7070
vn -0.9229 0.0470 0.3823
vn 0.5408 0.2293 0.8093
vn 0.5555 0.0138 0.8314
vn -0.5550 0.0470 0.8306
vn 0.3725 0.2293 0.8993
vn 0.3826 0.0138 0.9238
vn -0.1463 0.0469 0.9881
vn 0.2361 0.2305 0.9440
vn 0.2428 0.0138 0.9700
vn 0.1466 0.0138 0.9891
vn -0.1743 -0.9691 0.1743
vn -0.1370 -0.9691 0.2050
vn 0.0964 -0.9848 -0.1443
vn 0.1227 -0.9848 -0.1227
vn -0.0000 -0.9848 -0.1735
vn -0.0000 -0.5739 -0.8189
vn 0.1195 -0.5809 -0.8051
vn 0.0240 -0.9861 -0.1646
vn 0.3823 0.0470 0.9229
vn 0.2426 0.0469 0.9690
vn 0.5550 0.0470 0.8306
vn 0.7063 0.0470 -0.7063
vn -0.8306 0.0470 -0.5550
vn -0.3823 0.0470 0.9229
vn -0.2426 0.0469 0.9690
vn -0.0000 -1.0000 0.0036
vn 0.0005 -1.0000 0.0034
vn 0.0060 -0.9991 0.0409
vn -0.0000 -0.9991 0.0423
vn -0.0020 -1.0000 0.0030
vn -0.3134 -0.5739 -0.7566
vn -0.3861 -0.0478 -0.9212
vn -0.2523 -0.0539 -0.9661
vn -0.1974 -0.5809 -0.7897
vn 0.1974 -0.5809 -0.7897
vn 0.2518 -0.0544 -0.9662
vn 0.3862 -0.0478 -0.9212
vn 0.3134 -0.5739 -0.7566
vn 0.0664 -0.9848 -0.1603
vn 0.4550 -0.5739 -0.6809
vn 0.5791 -0.5739 -0.5791
vn 0.6809 -0.5739 -0.4550
vn 0.1443 -0.9848 -0.0964
vn 0.7566 -0.5739 -0.3134
vn 0.1603 -0.9848 -0.0664
vn 0.8032 -0.5739 -0.1598
vn 0.1702 -0.9848 -0.0338
vn 0.8190 -0.5739 -0.0000
vn 0.1735 -0.9848 -0.0000
vn 0.8032 -0.5739 0.1598
vn 0.1702 -0.9848 0.0338
vn 0.7566 -0.5739 0.3134
vn 0.1603 -0.9848 0.0664
vn 0.6809 -0.5739 0.4550
vn 0.1443 -0.9848 0.0964
vn 0.5791 -0.5739 0.5791
vn 0.1227 -0.9848 0.1227
vn 0.4550 -0.5739 0.6809
vn 0.0964 -0.9848 0.1443
vn 0.3134 -0.5739 0.7566
vn 0.0664 -0.9848 0.1603
vn 0.1598 -0.5739 0.8032
vn 0.0338 -0.9848 0.1702
vn -0.0000 -0.5739 0.8190
vn -0.0000 -0.9848 0.1735
vn -0.1598 -0.5739 0.8032
vn -0.0338 -0.9848 0.1702
vn -0.3134 -0.5739 0.7566
vn -0.0664 -0.9848 0.1603
vn -0.4550 -0.5739 0.6809
vn -0.0964 -0.9848 0.1443
vn -0.5791 -0.5739 0.5791
vn -0.1227 -0.9848 0.1227
vn -0.6809 -0.5739 0.4550
vn -0.1443 -0.9848 0.0964
vn -0.7566 -0.5739 0.3134
vn -0.1603 -0.9848 0.0664
vn -0.8032 -0.5739 0.1598
vn -0.1702 -0.9848 0.0338
vn -0.8189 -0.5739 -0.0000
vn -0.1735 -0.9848 -0.0000
vn -0.8032 -0.5739 -0.1598
vn -0.1702 -0.9848 -0.0338
vn -0.7566 -0.5739 -0.3134
vn -0.1603 -0.9848 -0.0664
vn -0.6809 -0.5739 -0.4550
vn -0.1443 -0.9848 -0.0964
vn -0.5791 -0.5739 -0.5791
vn -0.1227 -0.9848 -0.1227
vn 0.0944 -0.9691 0.2278
vn 0.0610 -0.9677 0.2444
vn 0.0885 -0.9314 0.3532
vn 0.1398 -0.9308 0.3376
vn -0.4550 -0.5739 -0.6809
vn -0.0964 -0.9848 -0.1443
vn -0.0749 -0.9806 0.1809
vn -0.0470 -0.9813 0.1868
vn -0.0885 -0.9314 0.3532
vn -0.1398 -0.9308 0.3376
vn -0.0664 -0.9848 -0.1603
vn -0.0610 -0.9677 0.2444
vn -0.0944 -0.9691 0.2278
vn -0.0240 -0.9861 -0.1646
vn -0.1195 -0.5809 -0.8051
vn 0.3732 0.0327 -0.9272
vn -0.2050 -0.9691 0.1370
vn -0.1088 -0.9806 0.1628
vn -0.2030 -0.9308 0.3038
vn -0.0371 -0.9677 0.2492
vn -0.0000 -0.9691 0.2466
vn -0.2278 -0.9691 0.0944
vn -0.1385 -0.9806 0.1385
vn -0.2584 -0.9308 0.2584
vn 0.0408 -0.9861 -0.1613
vn -0.2418 -0.9691 0.0481
vn -0.1628 -0.9806 0.1088
vn -0.3038 -0.9308 0.2030
vn -0.2466 -0.9691 -0.0000
vn -0.1809 -0.9806 0.0749
vn -0.3376 -0.9308 0.1398
vn -0.2418 -0.9691 -0.0481
vn -0.1920 -0.9806 0.0382
vn -0.3584 -0.9308 0.0713
vn -0.2278 -0.9691 -0.0944
vn -0.1958 -0.9806 -0.0000
vn -0.3654 -0.9308 -0.0000
vn -0.2050 -0.9691 -0.1370
vn -0.1920 -0.9806 -0.0382
vn -0.3584 -0.9308 -0.0713
vn -0.1743 -0.9691 -0.1743
vn -0.1809 -0.9806 -0.0749
vn -0.3376 -0.9308 -0.1398
vn -0.1370 -0.9691 -0.2050
vn -0.1628 -0.9806 -0.1088
vn -0.3038 -0.9308 -0.2030
vn -0.0944 -0.9691 -0.2278
vn -0.1385 -0.9806 -0.1385
vn -0.2584 -0.9308 -0.2584
vn -0.0481 -0.9691 -0.2418
vn -0.1088 -0.9806 -0.1628
vn -0.2030 -0.9308 -0.3038
vn -0.0000 -0.9691 -0.2466
vn -0.0749 -0.9806 -0.1809
vn -0.1398 -0.9308 -0.3376
vn 0.0481 -0.9691 -0.2418
vn -0.0382 -0.9806 -0.1920
vn -0.0713 -0.9308 -0.3584
vn 0.0944 -0.9691 -0.2278
vn -0.0000 -0.9806 -0.1958
vn -0.0000 -0.9308 -0.3654
vn 0.1370 -0.9691 -0.2050
vn 0.0382 -0.9806 -0.1920
vn 0.0713 -0.9308 -0.3584
vn 0.1743 -0.9691 -0.1743
vn 0.0749 -0.9806 -0.1809
vn 0.1398 -0.9308 -0.3376
vn 0.2050 -0.9691 -0.1370
vn 0.1088 -0.9806 -0.1628
vn 0.2030 -0.9308 -0.3038
vn 0.2278 -0.9691 -0.0944
vn 0.1385 -0.9806 -0.1385
vn 0.2584 -0.9308 -0.2584
vn 0.2418 -0.9691 -0.0481
vn 0.1628 -0.9806 -0.1088
vn 0.3038 -0.9308 -0.2030
vn 0.2466 -0.9691 -0.0000
vn 0.1809 -0.9806 -0.0749
vn 0.3376 -0.9308 -0.1398
vn 0.2418 -0.9691 0.0481
vn 0.1920 -0.9806 -0.0382
vn 0.3584 -0.9308 -0.0713
vn 0.2278 -0.9691 0.0944
vn 0.1958 -0.9806 -0.0000
vn 0.3654 -0.9308 -0.0000
vn 0.2050 -0.9691 0.1370
vn 0.1920 -0.9806 0.0382
vn 0.3584 -0.9308 0.0713
vn 0.1743 -0.9691 0.1743
vn 0.1809 -0.9806 0.0749
vn 0.3376 -0.9308 0.1398
vn 0.1370 -0.9691 0.2050
vn 0.1628 -0.9806 0.1088
vn 0.3038 -0.9308 0.2030
vn 0.1385 -0.9806 0.1385
vn 0.2584 -0.9308 0.2584
vn -0.0281 -0.9813 0.1905
vn -0.0000 -0.9806 0.1958
vn -0.0000 -0.9308 0.3654
vn -0.0533 -0.9314 0.3602
vn 0.1088 -0.9806 0.1628
vn 0.2030 -0.9308 0.3038
vn 0.0470 -0.9813 0.1868
vn 0.0749 -0.9806 0.1809
vn -0.0060 -0.9991 0.0409
vn -0.0408 -0.9861 -0.1613
vn 0.0371 -0.9677 0.2492
vn 0.0533 -0.9314 0.3602
vn 0.0281 -0.9813 0.1905
vn -0.0101 -0.9991 0.0401
vn -0.0162 -0.9991 0.0391
vn -0.0235 -0.9991 0.0352
vn -0.0299 -0.9991 0.0299
vn -0.0352 -0.9991 0.0235
vn -0.0391 -0.9991 0.0162
vn -0.0415 -0.9991 0.0083
vn -0.0423 -0.9991 -0.0000
vn -0.0415 -0.9991 -0.0083
vn -0.0391 -0.9991 -0.0162
vn -0.0352 -0.9991 -0.0235
vn -0.0299 -0.9991 -0.0299
vn -0.0235 -0.9991 -0.0352
vn -0.0162 -0.9991 -0.0391
vn -0.0083 -0.9991 -0.0415
vn -0.0000 -0.9991 -0.0423
vn 0.0083 -0.9991 -0.0415
vn 0.0162 -0.9991 -0.0391
vn 0.0235 -0.9991 -0.0352
vn 0.0299 -0.9991 -0.0299
vn 0.0352 -0.9991 -0.0235
vn 0.0391 -0.9991 -0.0162
vn 0.0415 -0.9991 -0.0083
vn 0.0423 -0.9991 -0.0000
vn 0.0415 -0.9991 0.0083
vn 0.0391 -0.9991 0.0162
vn 0.0352 -0.9991 0.0235
vn 0.0299 -0.9991 0.0299
vn 0.0235 -0.9991 0.0352
vn -0.0005 -1.0000 0.0034
vn -0.0025 -1.0000 0.0025
vn -0.2456 0.3015 -0.9213
vn -0.5550 -0.0457 -0.8306
vn -0.7064 -0.0457 -0.7064
vn -0.8306 -0.0457 -0.5550
vn -0.9229 -0.0457 -0.3823
vn -0.9798 -0.0457 -0.1949
vn -0.9990 -0.0457 -0.0000
vn -0.9798 -0.0457 0.1949
vn -0.9229 -0.0457 0.3823
vn -0.8306 -0.0457 0.5550
vn -0.7064 -0.0457 0.7064
vn -0.5550 -0.0457 0.8306
vn -0.3823 -0.0457 0.9229
vn -0.1949 -0.0457 0.9798
vn -0.0000 -0.0457 0.9990
vn 0.1949 -0.0457 0.9798
vn 0.3823 -0.0457 0.9229
vn 0.5550 -0.0457 0.8306
vn 0.7064 -0.0457 0.7064
vn 0.8306 -0.0457 0.5550
vn 0.9229 -0.0457 0.3823
vn 0.9798 -0.0457 0.1949
vn 0.9990 -0.0457 -0.0000
vn 0.9798 -0.0457 -0.1949
vn 0.9229 -0.0457 -0.3823
vn 0.8306 -0.0457 -0.5550
vn 0.7064 -0.0457 -0.7064
vn 0.5550 -0.0457 -0.8306
vt 0.004982 0.825296
vt 0.005928 0.798152
vt 0.014635 0.798408
vt 0.013569 0.825726
vt 0.561443 0.988289
vt 0.561065 0.999430
vt 0.539220 0.993491
vt 0.546088 0.980367
vt 0.023163 0.882658
vt 0.008680 0.880987
vt 0.011087 0.859097
vt 0.031747 0.861284
vt 0.053700 0.827263
vt 0.054314 0.799309
vt 0.015115 0.771170
vt 0.054653 0.771649
vt 0.015205 0.744022
vt 0.054765 0.744149
vt 0.015034 0.716701
vt 0.054721 0.716630
vt 0.014869 0.689171
vt 0.054612 0.689063
vt 0.014761 0.661720
vt 0.054530 0.661531
vt 0.014766 0.634371
vt 0.054443 0.634069
vt 0.014744 0.606821
vt 0.054357 0.606609
vt 0.014650 0.579394
vt 0.054271 0.579204
vt 0.014650 0.552103
vt 0.054179 0.551867
vt 0.014393 0.524699
vt 0.054015 0.524509
vt 0.014134 0.497216
vt 0.053867 0.497075
vt 0.014019 0.469585
vt 0.053763 0.469572
vt 0.014012 0.442058
vt 0.053768 0.442110
vt 0.014006 0.414636
vt 0.053751 0.414687
vt 0.014030 0.387035
vt 0.053775 0.387183
vt 0.014162 0.359529
vt 0.053902 0.359703
vt 0.014498 0.332059
vt 0.054067 0.332298
vt 0.014519 0.304635
vt 0.054171 0.304922
vt 0.014611 0.277307
vt 0.054277 0.277520
vt 0.014703 0.249741
vt 0.054386 0.250047
vt 0.014721 0.222244
vt 0.054501 0.222556
vt 0.014927 0.194757
vt 0.054622 0.195048
vt 0.015027 0.167274
vt 0.054732 0.167496
vt 0.015176 0.140111
vt 0.054796 0.139981
vt 0.015157 0.112957
vt 0.054704 0.112471
vt 0.014653 0.085566
vt 0.054410 0.084765
vt 0.013667 0.058162
vt 0.053865 0.056786
vt 0.692537 0.310908
vt 0.693198 0.309820
vt 0.696161 0.311254
vt 0.695125 0.312885
vt 0.009024 0.002759
vt 0.023547 0.001156
vt 0.032075 0.022617
vt 0.011329 0.024709
vt 0.753631 0.762661
vt 0.806238 0.752648
vt 0.803927 0.758244
vt 0.800568 0.763282
vt 0.796291 0.767568
vt 0.791259 0.770936
vt 0.785668 0.773259
vt 0.779731 0.774446
vt 0.773676 0.774452
vt 0.767737 0.773276
vt 0.762142 0.770965
vt 0.757104 0.767606
vt 0.752819 0.763329
vt 0.749450 0.758299
vt 0.747127 0.752708
vt 0.745940 0.746771
vt 0.745934 0.740718
vt 0.747108 0.734779
vt 0.749419 0.729184
vt 0.752777 0.724146
vt 0.757053 0.719860
vt 0.762084 0.716490
vt 0.767675 0.714167
vt 0.773612 0.712979
vt 0.779666 0.712972
vt 0.785606 0.714147
vt 0.791203 0.716457
vt 0.791375 0.716572
vt 0.822040 0.658588
vt 0.832920 0.665826
vt 0.680706 0.303869
vt 0.497397 0.664375
vt 0.507243 0.669082
vt 0.505898 0.684378
vt 0.497618 0.682224
vt 0.571380 0.975345
vt 0.562758 0.967682
vt 0.571071 0.960847
vt 0.578737 0.968677
vt 0.279978 0.059037
vt 0.077830 0.056415
vt 0.072394 0.033366
vt 0.284360 0.034654
vt 0.482670 0.638033
vt 0.494577 0.631758
vt 0.504059 0.646200
vt 0.493646 0.654083
vt 0.504555 0.922156
vt 0.507243 0.937842
vt 0.495866 0.941669
vt 0.494888 0.926333
vt 0.297120 0.087896
vt 0.278855 0.087135
vt 0.298541 0.059906
vt 0.078051 0.084508
vt 0.503556 0.963820
vt 0.491428 0.981298
vt 0.477867 0.971707
vt 0.491924 0.952978
vt 0.295973 0.115567
vt 0.277864 0.114913
vt 0.456157 0.922272
vt 0.450690 0.931685
vt 0.440505 0.923383
vt 0.446956 0.914671
vt 0.078188 0.112327
vt 0.542868 0.940796
vt 0.540423 0.929438
vt 0.549836 0.927138
vt 0.553955 0.937329
vt 0.295039 0.143020
vt 0.277038 0.142485
vt 0.078187 0.140006
vt 0.294280 0.170344
vt 0.276353 0.169927
vt 0.078100 0.167589
vt 0.293704 0.197631
vt 0.275788 0.197291
vt 0.077979 0.195147
vt 0.293219 0.224920
vt 0.275316 0.224627
vt 0.077838 0.222668
vt 0.292793 0.252182
vt 0.274917 0.251928
vt 0.077698 0.250156
vt 0.292428 0.279399
vt 0.274572 0.279179
vt 0.077562 0.277613
vt 0.292119 0.306567
vt 0.274285 0.306390
vt 0.077433 0.305025
vt 0.291858 0.333731
vt 0.274039 0.333578
vt 0.077310 0.332421
vt 0.291635 0.360872
vt 0.273841 0.360742
vt 0.077182 0.359823
vt 0.291458 0.387942
vt 0.273693 0.387857
vt 0.077088 0.387250
vt 0.291362 0.414977
vt 0.273615 0.414943
vt 0.077050 0.414690
vt 0.291357 0.441987
vt 0.273610 0.442010
vt 0.077051 0.442105
vt 0.291443 0.469003
vt 0.273679 0.469084
vt 0.077075 0.469532
vt 0.291609 0.496073
vt 0.273813 0.496197
vt 0.077153 0.496967
vt 0.291833 0.523209
vt 0.273999 0.523362
vt 0.077271 0.524377
vt 0.292087 0.550411
vt 0.274222 0.550578
vt 0.077402 0.551759
vt 0.292355 0.577655
vt 0.274474 0.577834
vt 0.077516 0.579129
vt 0.292643 0.604919
vt 0.274757 0.605112
vt 0.077631 0.606536
vt 0.292961 0.632164
vt 0.275078 0.632390
vt 0.077748 0.633983
vt 0.293352 0.659401
vt 0.275458 0.659679
vt 0.077866 0.661457
vt 0.293825 0.686661
vt 0.275911 0.687003
vt 0.077985 0.688982
vt 0.294427 0.713963
vt 0.276464 0.714387
vt 0.078097 0.716556
vt 0.295159 0.741369
vt 0.277131 0.741877
vt 0.078152 0.744157
vt 0.296047 0.768889
vt 0.277927 0.769494
vt 0.078105 0.771812
vt 0.297162 0.796536
vt 0.278863 0.797279
vt 0.077929 0.799617
vt 0.298505 0.824559
vt 0.279928 0.825405
vt 0.077651 0.827686
vt 0.049088 0.033219
vt 0.520742 0.653934
vt 0.510513 0.644957
vt 0.521498 0.632107
vt 0.532109 0.637873
vt 0.303078 0.848586
vt 0.284202 0.848161
vt 0.555134 0.959799
vt 0.544681 0.966661
vt 0.534239 0.952849
vt 0.548492 0.951315
vt 0.461099 0.975282
vt 0.468545 0.980071
vt 0.453479 0.988591
vt 0.450089 0.982922
vt 0.517095 0.682448
vt 0.508856 0.684748
vt 0.507243 0.669471
vt 0.517063 0.664468
vt 0.303232 0.037360
vt 0.330080 0.004823
vt 0.349793 0.007531
vt 0.346616 0.029853
vt 0.321091 0.026830
vt 0.443553 0.960952
vt 0.451900 0.967781
vt 0.443263 0.975533
vt 0.435860 0.968824
vt 0.097946 0.000000
vt 0.263087 0.002153
vt 0.267319 0.018308
vt 0.092415 0.015782
vt 0.072731 0.851469
vt 0.457460 0.619518
vt 0.459403 0.610641
vt 0.479799 0.619638
vt 0.474428 0.629501
vt 0.586792 0.961802
vt 0.579508 0.954001
vt 0.588779 0.945979
vt 0.596008 0.953616
vt 0.485560 0.941172
vt 0.485935 0.928649
vt 0.636685 0.882042
vt 0.626293 0.880081
vt 0.630470 0.856412
vt 0.640923 0.857358
vt 0.611519 0.898293
vt 0.602551 0.916281
vt 0.597205 0.910035
vt 0.604377 0.894438
vt 0.425801 0.946064
vt 0.435088 0.954097
vt 0.427784 0.961918
vt 0.418557 0.953709
vt 0.267130 0.866268
vt 0.262837 0.882427
vt 0.097607 0.884025
vt 0.091966 0.868208
vt 0.564668 0.982678
vt 0.553598 0.975296
vt 0.464712 0.927178
vt 0.460645 0.937367
vt 0.519124 0.942536
vt 0.519335 0.926747
vt 0.528444 0.928853
vt 0.529156 0.941464
vt 0.558409 0.922208
vt 0.563895 0.931622
vt 0.470146 0.966711
vt 0.480649 0.952673
vt 0.346548 0.855004
vt 0.349599 0.877507
vt 0.329736 0.880087
vt 0.320856 0.857869
vt 0.471760 0.940777
vt 0.474084 0.929413
vt 0.456461 0.676767
vt 0.467424 0.671448
vt 0.471088 0.683194
vt 0.461377 0.687236
vt 0.574664 0.653169
vt 0.582385 0.645009
vt 0.592951 0.654207
vt 0.585178 0.661735
vt 0.466168 0.951378
vt 0.459552 0.959858
vt 0.450262 0.953282
vt 0.454861 0.947100
vt 0.592685 0.929047
vt 0.588642 0.922167
vt 0.431330 0.913487
vt 0.438685 0.905463
vt 0.559751 0.947022
vt 0.564376 0.953214
vt 0.425929 0.922246
vt 0.421893 0.929115
vt 0.412024 0.916342
vt 0.417366 0.910104
vt 0.574073 0.923312
vt 0.567621 0.914601
vt 0.575898 0.905394
vt 0.583247 0.913418
vt 0.405555 0.922581
vt 0.416377 0.936673
vt 0.408816 0.944005
vt 0.396903 0.928647
vt 0.445175 0.940759
vt 0.441220 0.946481
vt 0.431435 0.938386
vt 0.435186 0.932273
vt 0.573387 0.946408
vt 0.569413 0.940674
vt 0.596467 0.890086
vt 0.590627 0.902788
vt 0.581997 0.896054
vt 0.586681 0.885330
vt 0.605746 0.943927
vt 0.598194 0.936599
vt 0.609836 0.876175
vt 0.617851 0.878215
vt 0.423575 0.870573
vt 0.427909 0.885388
vt 0.418116 0.890142
vt 0.413221 0.873757
vt 0.579389 0.932188
vt 0.583152 0.938313
vt 0.410197 0.894494
vt 0.403059 0.898344
vt 0.396733 0.878255
vt 0.404747 0.876220
vt 0.388286 0.880118
vt 0.395257 0.902030
vt 0.385256 0.905907
vt 0.377889 0.882075
vt 0.432590 0.896118
vt 0.423952 0.902852
vt 0.480296 0.667148
vt 0.490213 0.664891
vt 0.491049 0.681475
vt 0.482345 0.681339
vt 0.617658 0.928585
vt 0.609013 0.922518
vt 0.591022 0.870522
vt 0.601369 0.873709
vt 0.629310 0.905861
vt 0.619315 0.901981
vt 0.605353 0.851782
vt 0.594981 0.849487
vt 0.598111 0.822425
vt 0.608262 0.823819
vt 0.624542 0.825878
vt 0.621853 0.855183
vt 0.613868 0.853665
vt 0.616909 0.825026
vt 0.416508 0.822453
vt 0.406352 0.823842
vt 0.405632 0.796530
vt 0.415772 0.796373
vt 0.643394 0.826525
vt 0.633263 0.826428
vt 0.633771 0.796621
vt 0.643626 0.796144
vt 0.384119 0.856437
vt 0.373661 0.857379
vt 0.371205 0.826532
vt 0.381341 0.826440
vt 0.400726 0.853698
vt 0.392741 0.855212
vt 0.409247 0.851819
vt 0.419626 0.849528
vt 0.397698 0.825046
vt 0.390066 0.825894
vt 0.389594 0.796794
vt 0.396902 0.796728
vt 0.380847 0.796621
vt 0.370989 0.796138
vt 0.598861 0.796356
vt 0.608996 0.796518
vt 0.486025 0.253271
vt 0.479128 0.293601
vt 0.399650 0.288671
vt 0.408459 0.232268
vt 0.552176 0.661551
vt 0.557883 0.653535
vt 0.568391 0.660614
vt 0.563438 0.667689
vt 0.631457 0.763326
vt 0.641742 0.762368
vt 0.617721 0.796720
vt 0.625028 0.796790
vt 0.615408 0.765731
vt 0.610478 0.738856
vt 0.617511 0.736184
vt 0.622833 0.764484
vt 0.596555 0.769244
vt 0.606858 0.767337
vt 0.407786 0.767338
vt 0.418093 0.769251
vt 0.372891 0.762350
vt 0.383179 0.763312
vt 0.476946 0.641869
vt 0.486169 0.654822
vt 0.475840 0.656991
vt 0.468403 0.646702
vt 0.568887 0.698667
vt 0.576408 0.690512
vt 0.586324 0.703103
vt 0.577697 0.709899
vt 0.528375 0.654715
vt 0.537795 0.641759
vt 0.421764 0.654173
vt 0.429533 0.661711
vt 0.418562 0.672271
vt 0.410186 0.665776
vt 0.540380 0.629414
vt 0.557366 0.619512
vt 0.560522 0.624204
vt 0.545830 0.634042
vt 0.456833 0.653551
vt 0.462515 0.661566
vt 0.451264 0.667685
vt 0.446322 0.660609
vt 0.523650 0.681610
vt 0.524315 0.664919
vt 0.537217 0.971587
vt 0.523507 0.953823
vt 0.454283 0.624204
vt 0.468950 0.634109
vt 0.532354 0.681407
vt 0.534323 0.667150
vt 0.441401 0.637486
vt 0.449418 0.629948
vt 0.460727 0.639091
vt 0.449907 0.645885
vt 0.625899 0.733526
vt 0.636136 0.731167
vt 0.546319 0.646643
vt 0.538803 0.656937
vt 0.596138 0.672301
vt 0.604515 0.665814
vt 0.554030 0.639056
vt 0.565362 0.629956
vt 0.573351 0.637505
vt 0.564830 0.645881
vt 0.593732 0.696747
vt 0.583518 0.683393
vt 0.589011 0.678312
vt 0.599319 0.692082
vt 0.447174 0.682871
vt 0.453329 0.692185
vt 0.441069 0.674632
vt 0.436054 0.668602
vt 0.553323 0.687249
vt 0.543611 0.683220
vt 0.547255 0.671449
vt 0.558234 0.676772
vt 0.432347 0.644981
vt 0.440059 0.653156
vt 0.425687 0.678289
vt 0.431177 0.683375
vt 0.420953 0.696726
vt 0.415368 0.692057
vt 0.398897 0.681199
vt 0.407984 0.686611
vt 0.397671 0.706723
vt 0.387910 0.702733
vt 0.573632 0.674645
vt 0.578652 0.668618
vt 0.445806 0.698658
vt 0.438287 0.690500
vt 0.567524 0.682881
vt 0.561369 0.692195
vt 0.428362 0.703089
vt 0.436988 0.709891
vt 0.429205 0.725049
vt 0.419683 0.719868
vt 0.602881 0.714896
vt 0.609078 0.711014
vt 0.585470 0.725055
vt 0.594991 0.719880
vt 0.615789 0.681238
vt 0.606703 0.686642
vt 0.626760 0.702769
vt 0.617001 0.706752
vt 0.592077 0.745672
vt 0.602179 0.742134
vt 0.391806 0.764475
vt 0.397146 0.736167
vt 0.404178 0.738844
vt 0.399233 0.765727
vt 0.412480 0.742127
vt 0.422585 0.745671
vt 0.405595 0.710991
vt 0.411792 0.714877
vt 0.003513 0.846374
vt 0.012063 0.847260
vt 0.378515 0.731138
vt 0.388755 0.733504
vt 0.701178 0.306410
vt 0.700798 0.308888
vt 0.697460 0.308067
vt 0.697721 0.306157
vt 0.774608 0.128892
vt 0.738596 0.112830
vt 0.762237 0.038847
vt 0.812741 0.060693
vt 0.679229 0.505730
vt 0.718849 0.502230
vt 0.734909 0.575625
vt 0.680233 0.582888
vt 0.930097 0.403371
vt 0.940616 0.369019
vt 0.953570 0.372107
vt 0.942241 0.408291
vt 0.946741 0.333734
vt 0.959718 0.334829
vt 0.947400 0.274914
vt 0.938647 0.225238
vt 0.952257 0.221488
vt 0.961174 0.273558
vt 0.920703 0.177106
vt 0.933522 0.170776
vt 0.892573 0.132851
vt 0.904430 0.123961
vt 0.856549 0.093048
vt 0.866689 0.081904
vt 0.820396 0.047512
vt 0.766941 0.024076
vt 0.708017 0.027643
vt 0.709540 0.012259
vt 0.652456 0.027782
vt 0.650947 0.012285
vt 0.597557 0.037921
vt 0.593133 0.022988
vt 0.545652 0.058745
vt 0.538304 0.045075
vt 0.499408 0.090743
vt 0.489291 0.078685
vt 0.460117 0.131600
vt 0.447747 0.121598
vt 0.428588 0.179015
vt 0.414523 0.171763
vt 0.393077 0.228118
vt 0.383663 0.287762
vt 0.402228 0.345836
vt 0.386330 0.348090
vt 0.415131 0.401860
vt 0.399954 0.407157
vt 0.439317 0.454240
vt 0.425607 0.462654
vt 0.474906 0.499875
vt 0.463333 0.511052
vt 0.519299 0.536873
vt 0.510316 0.550198
vt 0.570013 0.563592
vt 0.564074 0.578355
vt 0.624527 0.578879
vt 0.621841 0.594425
vt 0.680763 0.598337
vt 0.738364 0.590542
vt 0.786718 0.558987
vt 0.792838 0.572713
vt 0.903654 0.456651
vt 0.921526 0.424111
vt 0.933705 0.429303
vt 0.915494 0.464259
vt 0.833400 0.532742
vt 0.872546 0.497600
vt 0.883136 0.507424
vt 0.841958 0.544650
vt 0.948506 0.311543
vt 0.961573 0.312428
vt 0.963653 0.374499
vt 0.951822 0.412197
vt 0.924820 0.470130
vt 0.891626 0.515154
vt 0.848866 0.554175
vt 0.797717 0.583645
vt 0.741099 0.602361
vt 0.681198 0.610641
vt 0.619750 0.606793
vt 0.559398 0.590167
vt 0.503191 0.560872
vt 0.454047 0.520028
vt 0.414596 0.469369
vt 0.387836 0.411321
vt 0.373728 0.349818
vt 0.370989 0.287053
vt 0.380779 0.224841
vt 0.403250 0.165972
vt 0.437925 0.113689
vt 0.481221 0.069099
vt 0.532420 0.034097
vt 0.589659 0.011087
vt 0.649805 0.000000
vt 0.710785 0.000000
vt 0.770692 0.012322
vt 0.826538 0.036951
vt 0.854305 0.211307
vt 0.834166 0.178434
vt 0.874781 0.073044
vt 0.550554 0.151716
vt 0.522012 0.180526
vt 0.913822 0.116951
vt 0.564708 0.470569
vt 0.600202 0.490519
vt 0.943796 0.165764
vt 0.806142 0.734526
vt 0.806221 0.734717
vt 0.963078 0.218597
vt 0.971955 0.272582
vt 0.969964 0.335646
vt 0.943479 0.433228
vt 0.507243 0.938628
vt 0.509529 0.922699
vt 0.693835 0.308473
vt 0.694265 0.307273
vt 0.696803 0.309881
vt 0.691191 0.312383
vt 0.693339 0.314809
vt 0.689585 0.313564
vt 0.691229 0.316346
vt 0.687784 0.314411
vt 0.688866 0.317422
vt 0.685857 0.314894
vt 0.686339 0.318091
vt 0.683870 0.314994
vt 0.683715 0.318226
vt 0.681899 0.314699
vt 0.681128 0.317811
vt 0.680019 0.314034
vt 0.678651 0.316964
vt 0.678303 0.313012
vt 0.676383 0.315625
vt 0.676816 0.311676
vt 0.674436 0.313853
vt 0.675612 0.310072
vt 0.672865 0.311762
vt 0.674735 0.308262
vt 0.671677 0.309404
vt 0.674233 0.306311
vt 0.670970 0.306818
vt 0.674126 0.304295
vt 0.670845 0.304133
vt 0.674428 0.302297
vt 0.671272 0.301503
vt 0.675106 0.300395
vt 0.672132 0.298979
vt 0.676152 0.298671
vt 0.673541 0.296710
vt 0.677510 0.297185
vt 0.675345 0.294754
vt 0.679131 0.295993
vt 0.677489 0.293205
vt 0.680951 0.295135
vt 0.679862 0.292047
vt 0.682902 0.294656
vt 0.682440 0.291439
vt 0.684905 0.294562
vt 0.685083 0.291311
vt 0.686885 0.294866
vt 0.687684 0.291744
vt 0.688767 0.295541
vt 0.690167 0.292612
vt 0.690473 0.296574
vt 0.692429 0.293974
vt 0.700978 0.302152
vt 0.701223 0.304636
vt 0.697789 0.304648
vt 0.697626 0.302740
vt 0.691941 0.297920
vt 0.694352 0.295768
vt 0.693962 0.301325
vt 0.693115 0.299525
vt 0.695860 0.297881
vt 0.696997 0.300216
vt 0.694446 0.303259
vt 0.694516 0.304527
vt 0.694447 0.306013
vt 0.730154 0.309360
vt 0.728970 0.315787
vt 0.730168 0.298753
vt 0.730438 0.305289
vt 0.700089 0.299080
vt 0.728630 0.289598
vt 0.699987 0.311262
vt 0.698755 0.296163
vt 0.724934 0.280998
vt 0.696845 0.293525
vt 0.719309 0.273513
vt 0.694459 0.291309
vt 0.712381 0.267314
vt 0.691676 0.289570
vt 0.704415 0.262613
vt 0.688551 0.288390
vt 0.695720 0.259579
vt 0.685224 0.287868
vt 0.686638 0.258318
vt 0.681917 0.288121
vt 0.677422 0.258492
vt 0.678745 0.288882
vt 0.668338 0.260472
vt 0.675732 0.290255
vt 0.659949 0.264585
vt 0.673039 0.292228
vt 0.652561 0.270249
vt 0.670792 0.294682
vt 0.646457 0.277233
vt 0.669068 0.297518
vt 0.641869 0.285257
vt 0.667907 0.300659
vt 0.638969 0.293998
vt 0.667401 0.303994
vt 0.637865 0.303099
vt 0.667562 0.307362
vt 0.638585 0.312185
vt 0.668463 0.310597
vt 0.640737 0.321064
vt 0.669971 0.313571
vt 0.644635 0.329402
vt 0.874415 0.352935
vt 0.866348 0.378661
vt 0.672019 0.316133
vt 0.650141 0.336856
vt 0.756495 0.490214
vt 0.790221 0.470101
vt 0.674405 0.318302
vt 0.657242 0.342776
vt 0.639340 0.501393
vt 0.677187 0.320002
vt 0.665300 0.347144
vt 0.533896 0.443653
vt 0.680299 0.321146
vt 0.673926 0.350218
vt 0.480359 0.334573
vt 0.490920 0.374193
vt 0.683599 0.321637
vt 0.683043 0.351130
vt 0.500909 0.215278
vt 0.686860 0.321362
vt 0.692181 0.350607
vt 0.584197 0.129394
vt 0.690011 0.320601
vt 0.700914 0.347942
vt 0.699815 0.104326
vt 0.659908 0.103603
vt 0.692973 0.319223
vt 0.709119 0.343974
vt 0.807009 0.150739
vt 0.695607 0.317311
vt 0.716141 0.338156
vt 0.870051 0.246202
vt 0.697837 0.314955
vt 0.721828 0.331123
vt 0.879109 0.326444
vt 0.699205 0.312858
vt 0.725193 0.325622
vt 0.726888 0.321952
vt 0.903686 0.756103
vt 0.903689 0.731112
vt 0.909760 0.730521
vt 0.909743 0.756696
vt 0.370989 0.873625
vt 0.364063 0.875360
vt 0.360617 0.853120
vt 0.367571 0.852380
vt 0.846365 0.417215
vt 0.859636 0.393589
vt 0.820801 0.446177
vt 0.509336 0.410841
vt 0.621050 0.113348
vt 0.879233 0.283331
vt 0.880078 0.310184
vt 0.800528 0.724093
vt 0.800393 0.723958
vt 0.841945 0.673214
vt 0.851184 0.682429
vt 0.807408 0.740654
vt 0.356364 0.064632
vt 0.342775 0.063382
vt 0.345137 0.041746
vt 0.358997 0.043563
vt 0.359097 0.841262
vt 0.345127 0.843025
vt 0.342804 0.821217
vt 0.356443 0.819970
vt 0.363136 0.819259
vt 0.354284 0.793324
vt 0.360840 0.792917
vt 0.353136 0.766644
vt 0.359867 0.766406
vt 0.352135 0.739540
vt 0.359076 0.739306
vt 0.351286 0.712378
vt 0.358058 0.712165
vt 0.350636 0.685527
vt 0.357260 0.685392
vt 0.350077 0.658561
vt 0.356973 0.658453
vt 0.349763 0.631516
vt 0.356445 0.631462
vt 0.349566 0.604351
vt 0.356544 0.604314
vt 0.349375 0.576963
vt 0.356239 0.576896
vt 0.349098 0.549705
vt 0.355927 0.549612
vt 0.348617 0.522551
vt 0.355423 0.522439
vt 0.348189 0.495506
vt 0.354957 0.495406
vt 0.347837 0.468607
vt 0.354554 0.468533
vt 0.347693 0.441924
vt 0.354274 0.441909
vt 0.347591 0.415126
vt 0.354440 0.415157
vt 0.347922 0.388292
vt 0.354525 0.388365
vt 0.348251 0.361471
vt 0.355031 0.361589
vt 0.348656 0.334275
vt 0.355603 0.334348
vt 0.348898 0.307185
vt 0.355551 0.307229
vt 0.349173 0.280269
vt 0.355940 0.280372
vt 0.349635 0.253186
vt 0.356461 0.253308
vt 0.350026 0.225868
vt 0.357012 0.225985
vt 0.350576 0.198618
vt 0.357352 0.198711
vt 0.351020 0.171816
vt 0.357606 0.171954
vt 0.351731 0.145095
vt 0.358455 0.145339
vt 0.352779 0.118124
vt 0.359654 0.118430
vt 0.836695 0.631032
vt 0.852669 0.641639
vt 0.849703 0.645297
vt 0.834480 0.635201
vt 0.354134 0.091220
vt 0.360826 0.091642
vt 0.891663 0.708727
vt 0.884896 0.692341
vt 0.887334 0.691043
vt 0.894305 0.707926
vt 0.362906 0.065325
vt 0.891496 0.688839
vt 0.898822 0.706558
vt 0.367456 0.032587
vt 0.360566 0.031810
vt 0.364130 0.009764
vt 0.370989 0.011532
vt 0.048812 0.850203
vt 0.898844 0.780614
vt 0.904681 0.782371
vt 0.896262 0.731843
vt 0.899007 0.731571
vt 0.885950 0.678487
vt 0.875284 0.662605
vt 0.880008 0.658719
vt 0.891334 0.675594
vt 0.889318 0.803737
vt 0.894707 0.806601
vt 0.896275 0.755378
vt 0.899019 0.755647
vt 0.896890 0.685954
vt 0.904674 0.704789
vt 0.875453 0.824577
vt 0.880185 0.828442
vt 0.891704 0.778460
vt 0.894343 0.779258
vt 0.857763 0.842325
vt 0.861650 0.847051
vt 0.882728 0.800230
vt 0.885163 0.801528
vt 0.836932 0.856255
vt 0.839811 0.861644
vt 0.869668 0.819846
vt 0.871806 0.821596
vt 0.813805 0.865834
vt 0.815574 0.871676
vt 0.853007 0.836542
vt 0.854762 0.838676
vt 0.789276 0.870714
vt 0.789872 0.876780
vt 0.833407 0.849665
vt 0.834711 0.852100
vt 0.764292 0.870720
vt 0.763702 0.876777
vt 0.811638 0.858690
vt 0.812440 0.861331
vt 0.739776 0.865891
vt 0.738021 0.871730
vt 0.788544 0.863292
vt 0.788816 0.866035
vt 0.716644 0.856365
vt 0.713779 0.861757
vt 0.765014 0.863309
vt 0.764746 0.866054
vt 0.695790 0.842489
vt 0.691920 0.847220
vt 0.741928 0.858749
vt 0.741131 0.861389
vt 0.678064 0.824778
vt 0.673336 0.828660
vt 0.720153 0.849771
vt 0.718855 0.852208
vt 0.664145 0.803961
vt 0.658759 0.806837
vt 0.700533 0.836697
vt 0.698782 0.838834
vt 0.654570 0.780844
vt 0.648732 0.782612
vt 0.683839 0.820034
vt 0.681705 0.821788
vt 0.649690 0.756324
vt 0.643626 0.756920
vt 0.670731 0.800439
vt 0.668297 0.801742
vt 0.649681 0.731350
vt 0.643626 0.730760
vt 0.661711 0.778677
vt 0.659072 0.779479
vt 0.654511 0.706844
vt 0.648675 0.705090
vt 0.657110 0.755591
vt 0.654367 0.755864
vt 0.664027 0.683720
vt 0.658637 0.680859
vt 0.657088 0.732071
vt 0.654345 0.731804
vt 0.677883 0.662877
vt 0.673151 0.659014
vt 0.661652 0.708994
vt 0.659012 0.708198
vt 0.695566 0.645125
vt 0.691678 0.640401
vt 0.670618 0.687224
vt 0.668182 0.685927
vt 0.716391 0.631190
vt 0.713511 0.625802
vt 0.683669 0.667606
vt 0.681531 0.665857
vt 0.739512 0.621604
vt 0.737742 0.615764
vt 0.700323 0.650906
vt 0.698568 0.648773
vt 0.764037 0.616716
vt 0.763440 0.610650
vt 0.719918 0.637778
vt 0.718613 0.635344
vt 0.789021 0.616699
vt 0.789608 0.610641
vt 0.741682 0.628747
vt 0.740879 0.626107
vt 0.813542 0.621515
vt 0.815294 0.615673
vt 0.764773 0.624138
vt 0.764500 0.621394
vt 0.839559 0.625632
vt 0.788302 0.624110
vt 0.788569 0.621366
vt 0.879382 0.682049
vt 0.869520 0.667346
vt 0.871651 0.665593
vt 0.881810 0.680736
vt 0.811393 0.628661
vt 0.812188 0.626020
vt 0.847959 0.647439
vt 0.833185 0.637640
vt 0.858444 0.693273
vt 0.856539 0.636902
vt 0.861756 0.649076
vt 0.858752 0.652705
vt 0.865634 0.644352
vt 0.856995 0.654834
vt 0.863952 0.703553
vt 0.868956 0.715626
vt 0.872653 0.734176
vt 0.872665 0.753077
vt 0.868995 0.771614
vt 0.861781 0.789086
vt 0.851293 0.804819
vt 0.837929 0.818206
vt 0.822213 0.828732
vt 0.804749 0.835983
vt 0.786211 0.839685
vt 0.767315 0.839701
vt 0.748777 0.836035
vt 0.731302 0.828819
vt 0.715565 0.818327
vt 0.702180 0.804963
vt 0.691660 0.789250
vt 0.684412 0.771789
vt 0.680710 0.753256
vt 0.680692 0.734362
vt 0.684357 0.715830
vt 0.691565 0.698360
vt 0.702047 0.682625
vt 0.715405 0.669236
vt 0.731117 0.658706
vt 0.748579 0.651451
vt 0.767115 0.647742
vt 0.786013 0.647720
vt 0.804556 0.651378
vt 0.799774 0.724713
vt 0.800635 0.724252
vt 0.807413 0.746709
vt 0.365724 0.044766
vt 0.012250 0.036574
vt 0.340667 0.090357
vt 0.339199 0.117424
vt 0.338152 0.144520
vt 0.971945 0.313327
vt 0.337426 0.171422
vt 0.002641 0.025355
vt 0.000318 0.004165
vt 0.336834 0.198411
vt 0.005898 0.085804
vt 0.005053 0.058559
vt 0.336355 0.225637
vt 0.006537 0.113077
vt 0.335938 0.252866
vt 0.006689 0.140089
vt 0.335527 0.279976
vt 0.006381 0.167192
vt 0.335202 0.306984
vt 0.006108 0.194713
vt 0.334884 0.334136
vt 0.006111 0.222207
vt 0.334592 0.361347
vt 0.005870 0.249716
vt 0.334360 0.388245
vt 0.005919 0.277315
vt 0.334151 0.415074
vt 0.005956 0.304603
vt 0.334171 0.441877
vt 0.005703 0.331999
vt 0.334288 0.468659
vt 0.005554 0.359451
vt 0.334564 0.495608
vt 0.005184 0.387000
vt 0.334914 0.522680
vt 0.005291 0.414666
vt 0.335268 0.549896
vt 0.005406 0.442042
vt 0.335585 0.577191
vt 0.005166 0.469593
vt 0.335835 0.604528
vt 0.005394 0.497298
vt 0.336138 0.631658
vt 0.005702 0.524796
vt 0.336458 0.658693
vt 0.005996 0.552165
vt 0.337005 0.685731
vt 0.006092 0.579389
vt 0.337624 0.712711
vt 0.005926 0.606828
vt 0.338437 0.739918
vt 0.006073 0.634406
vt 0.339428 0.767156
vt 0.006182 0.661720
vt 0.340783 0.794167
vt 0.006047 0.689204
vt 0.006343 0.716782
vt 0.365901 0.840079
vt 0.006598 0.744062
vt 0.003677 0.037422
vt 0.006615 0.771067
vt -0.000000 0.879541
vt 0.002421 0.858410
vt 0.476432 0.993164
vt 0.454231 1.000000
vt 0.535061 0.619544
vt 0.555461 0.610641
vt 0.523382 0.982254
vt 0.510810 0.963529
vt 0.687985 0.305698
s 1
g Standard_Mug_Standar_Mug
usemtl Standar_Mug
f 260/1/1 261/2/2 231/3/3 230/4/4
f 182/5/5 121/6/6 695/7/7 703/8/8
f 121/9/6 229/10/9 896/11/10 695/12/7
f 122/13/11 230/4/4 231/3/3 123/14/12
f 123/14/12 231/3/3 232/15/13 124/16/14
f 124/16/14 232/15/13 233/17/15 125/18/16
f 125/18/16 233/17/15 234/19/17 126/20/18
f 126/20/18 234/19/17 235/21/19 127/22/20
f 127/22/20 235/21/19 236/23/21 128/24/22
f 128/24/22 236/23/21 237/25/23 129/26/24
f 129/26/24 237/25/23 238/27/25 130/28/26
f 130/28/26 238/27/25 239/29/27 131/30/28
f 131/30/28 239/29/27 240/31/29 132/32/30
f 132/32/30 240/31/29 241/33/31 133/34/32
f 133/34/32 241/33/31 242/35/33 134/36/34
f 134/36/34 242/35/33 243/37/35 135/38/36
f 135/38/36 243/37/35 244/39/37 136/40/38
f 136/40/38 244/39/37 245/41/39 137/42/40
f 137/42/40 245/41/39 246/43/41 138/44/42
f 138/44/42 246/43/41 247/45/43 139/46/44
f 139/46/44 247/45/43 248/47/45 140/48/46
f 140/48/46 248/47/45 249/49/47 141/50/48
f 141/50/48 249/49/47 250/51/49 142/52/50
f 142/52/50 250/51/49 251/53/51 143/54/52
f 143/54/52 251/53/51 252/55/53 144/56/54
f 144/56/54 252/55/53 253/57/55 145/58/56
f 145/58/56 253/57/55 254/59/57 146/60/58
f 146/60/58 254/59/57 255/61/59 147/62/60
f 147/62/60 255/61/59 256/63/61 148/64/62
f 148/64/62 256/63/61 257/65/63 149/66/64
f 149/66/64 257/65/63 258/67/65 150/68/66
f 60/69/67 686/70/68 921/71/69 438/72/70
f 229/73/9 121/74/6 698/75/71 898/76/72
f 957/77/73 9/78/74 11/79/75
f 957/77/73 11/79/75 13/80/76
f 957/77/73 13/80/76 15/81/77
f 957/77/73 15/81/77 17/82/78
f 957/77/73 17/82/78 19/83/79
f 957/77/73 19/83/79 21/84/80
f 957/77/73 21/84/80 23/85/81
f 957/77/73 23/85/81 25/86/82
f 957/77/73 25/86/82 27/87/83
f 957/77/73 27/87/83 29/88/84
f 957/77/73 29/88/84 31/89/85
f 957/77/73 31/89/85 33/90/86
f 957/77/73 33/90/86 35/91/87
f 957/77/73 35/91/87 37/92/88
f 957/77/73 37/92/88 39/93/89
f 957/77/73 39/93/89 41/94/90
f 957/77/73 41/94/90 43/95/91
f 957/77/73 43/95/91 45/96/92
f 957/77/73 45/96/92 47/97/93
f 957/77/73 47/97/93 49/98/94
f 957/77/73 49/98/94 51/99/95
f 957/77/73 51/99/95 53/100/96
f 957/77/73 53/100/96 55/101/97
f 957/77/73 55/101/97 57/102/98
f 957/77/73 57/102/98 59/103/99
f 684/104/100 59/103/99 648/105/101 950/106/102
f 955/107/103 686/70/68 60/69/67
f 807/108/104 694/109/105 61/110/106 208/111/107
f 186/112/108 720/113/109 728/114/110 188/115/111
f 120/116/112 119/117/113 691/118/114 693/119/115
f 813/120/116 702/121/117 693/122/115 808/123/118
f 62/124/119 692/125/120 709/126/121 181/127/122
f 178/128/123 118/129/123 120/116/112 179/130/124
f 118/129/123 117/131/123 119/117/113 120/116/112
f 691/132/114 697/133/125 708/134/126 710/135/127
f 177/136/128 116/137/128 118/129/123 178/128/123
f 189/138/129 741/139/130 750/140/131 191/141/132
f 116/137/128 115/142/128 117/131/123 118/129/123
f 721/143/133 185/144/134 187/145/135 730/146/136
f 176/147/137 114/148/137 116/137/128 177/136/128
f 114/148/137 113/149/137 115/142/128 116/137/128
f 175/150/138 112/151/138 114/148/137 176/147/137
f 112/151/138 111/152/138 113/149/137 114/148/137
f 174/153/139 110/154/139 112/151/138 175/150/138
f 110/154/139 109/155/139 111/152/138 112/151/138
f 173/156/140 108/157/140 110/154/139 174/153/139
f 108/157/140 107/158/140 109/155/139 110/154/139
f 172/159/141 106/160/141 108/157/140 173/156/140
f 106/160/141 105/161/141 107/158/140 108/157/140
f 171/162/142 104/163/142 106/160/141 172/159/141
f 104/163/142 103/164/142 105/161/141 106/160/141
f 170/165/143 102/166/143 104/163/142 171/162/142
f 102/166/143 101/167/143 103/164/142 104/163/142
f 169/168/144 100/169/144 102/166/143 170/165/143
f 100/169/144 99/170/144 101/167/143 102/166/143
f 168/171/145 98/172/145 100/169/144 169/168/144
f 98/172/145 97/173/145 99/170/144 100/169/144
f 167/174/146 96/175/146 98/172/145 168/171/145
f 96/175/146 95/176/146 97/173/145 98/172/145
f 166/177/147 94/178/147 96/175/146 167/174/146
f 94/178/147 93/179/147 95/176/146 96/175/146
f 165/180/148 92/181/148 94/178/147 166/177/147
f 92/181/148 91/182/148 93/179/147 94/178/147
f 164/183/149 90/184/149 92/181/148 165/180/148
f 90/184/149 89/185/149 91/182/148 92/181/148
f 163/186/150 88/187/150 90/184/149 164/183/149
f 88/187/150 87/188/150 89/185/149 90/184/149
f 162/189/151 86/190/151 88/187/150 163/186/150
f 86/190/151 85/191/151 87/188/150 88/187/150
f 161/192/152 84/193/152 86/190/151 162/189/151
f 84/193/152 83/194/152 85/191/151 86/190/151
f 160/195/153 82/196/153 84/193/152 161/192/152
f 82/196/153 81/197/153 83/194/152 84/193/152
f 159/198/154 80/199/154 82/196/153 160/195/153
f 80/199/154 79/200/154 81/197/153 82/196/153
f 158/201/155 78/202/155 80/199/154 159/198/154
f 78/202/155 77/203/155 79/200/154 80/199/154
f 157/204/156 76/205/156 78/202/155 158/201/155
f 76/205/156 75/206/156 77/203/155 78/202/155
f 156/207/157 74/208/157 76/205/156 157/204/156
f 74/208/157 73/209/157 75/206/156 76/205/156
f 155/210/158 72/211/158 74/208/157 156/207/157
f 72/211/158 71/212/158 73/209/157 74/208/157
f 154/213/159 70/214/159 72/211/158 155/210/158
f 70/214/159 69/215/159 71/212/158 72/211/158
f 153/216/160 68/217/160 70/214/159 154/213/159
f 68/217/160 67/218/160 69/215/159 70/214/159
f 152/219/161 66/220/161 68/217/160 153/216/160
f 66/220/161 65/221/161 67/218/160 68/217/160
f 151/222/162 64/223/163 66/220/161 152/219/161
f 64/223/163 63/224/164 65/221/161 66/220/161
f 119/117/113 150/68/66 697/225/125 691/118/114
f 809/226/165 690/227/166 699/228/167 812/229/168
f 699/230/167 690/231/166 64/223/163 151/222/162
f 719/232/169 711/233/170 713/234/171 722/235/172
f 716/236/173 707/237/174 182/238/5 184/239/175
f 208/240/107 61/241/106 689/242/176 810/243/177
f 179/130/124 120/116/112 693/119/115 702/244/117
f 180/245/178 678/246/179 953/247/180 701/248/181
f 732/249/182 723/250/183 186/251/108 188/252/111
f 62/253/119 61/254/106 694/255/105 692/256/120
f 117/131/123 149/66/64 150/68/66 119/117/113
f 115/142/128 148/64/62 149/66/64 117/131/123
f 113/149/137 147/62/60 148/64/62 115/142/128
f 111/152/138 146/60/58 147/62/60 113/149/137
f 109/155/139 145/58/56 146/60/58 111/152/138
f 107/158/140 144/56/54 145/58/56 109/155/139
f 105/161/141 143/54/52 144/56/54 107/158/140
f 103/164/142 142/52/50 143/54/52 105/161/141
f 101/167/143 141/50/48 142/52/50 103/164/142
f 99/170/144 140/48/46 141/50/48 101/167/143
f 97/173/145 139/46/44 140/48/46 99/170/144
f 95/176/146 138/44/42 139/46/44 97/173/145
f 93/179/147 137/42/40 138/44/42 95/176/146
f 91/182/148 136/40/38 137/42/40 93/179/147
f 89/185/149 135/38/36 136/40/38 91/182/148
f 87/188/150 134/36/34 135/38/36 89/185/149
f 85/191/151 133/34/32 134/36/34 87/188/150
f 83/194/152 132/32/30 133/34/32 85/191/151
f 81/197/153 131/30/28 132/32/30 83/194/152
f 79/200/154 130/28/26 131/30/28 81/197/153
f 77/203/155 129/26/24 130/28/26 79/200/154
f 75/206/156 128/24/22 129/26/24 77/203/155
f 73/209/157 127/22/20 128/24/22 75/206/156
f 71/212/158 126/20/18 127/22/20 73/209/157
f 69/215/159 125/18/16 126/20/18 71/212/158
f 67/218/160 124/16/14 125/18/16 69/215/159
f 65/221/161 123/14/12 124/16/14 67/218/160
f 63/224/164 122/13/11 123/14/12 65/221/161
f 690/231/166 687/257/184 63/224/164 64/223/163
f 207/258/185 180/259/178 701/260/181 814/261/186
f 190/262/187 736/263/188 744/264/189 192/265/190
f 181/127/122 709/126/121 718/266/191 183/267/192
f 200/268/193 776/269/194 783/270/195 202/271/196
f 768/272/197 760/273/198 762/274/199 769/275/200
f 748/276/201 739/277/202 190/278/187 192/279/190
f 689/280/176 61/281/106 62/282/119 688/283/203
f 186/112/108 184/284/175 712/285/204 720/113/109
f 187/286/135 734/287/205 741/139/130 189/138/129
f 705/288/206 181/289/122 183/290/192 714/291/207
f 730/146/136 187/145/135 189/292/129 737/293/208
f 710/135/127 708/134/126 715/294/209 717/295/210
f 952/296/211 678/297/179 180/298/178 700/299/212
f 183/267/192 718/266/191 725/300/213 185/301/134
f 840/302/214 831/303/215 214/304/216 216/305/217
f 844/306/218 215/307/219 217/308/220 851/309/221
f 716/236/173 184/239/175 186/251/108 723/250/183
f 726/310/222 724/311/223 731/312/224 733/313/225
f 717/295/210 715/294/209 724/311/223 726/310/222
f 185/301/134 725/300/213 734/287/205 187/286/135
f 714/291/207 183/290/192 185/144/134 721/143/133
f 751/314/226 754/315/227 762/274/199 760/273/198
f 190/262/187 188/115/111 728/114/110 736/263/188
f 191/141/132 750/140/131 757/316/228 193/317/229
f 729/318/230 727/319/231 719/232/169 722/235/172
f 758/320/232 755/321/233 764/322/234 766/323/235
f 746/324/236 191/325/132 193/326/229 753/327/237
f 763/328/238 756/329/239 194/330/240 196/331/241
f 732/249/182 188/252/111 190/278/187 739/277/202
f 742/332/242 740/333/243 747/334/244 749/335/245
f 733/313/225 731/312/224 740/333/243 742/332/242
f 735/336/246 727/319/231 729/318/230 738/337/247
f 737/293/208 189/292/129 191/325/132 746/324/236
f 770/338/248 761/339/249 195/340/250 197/341/251
f 194/342/240 192/265/190 744/264/189 752/343/252
f 768/272/197 769/275/200 777/344/253 775/345/254
f 199/346/255 197/347/251 774/348/256 782/349/257
f 745/350/258 743/351/259 735/336/246 738/337/247
f 773/352/260 771/353/261 780/354/262 781/355/263
f 779/356/264 772/357/265 198/358/266 200/359/193
f 748/276/201 192/279/190 194/330/240 756/329/239
f 195/360/250 193/317/229 757/316/228 765/361/267
f 749/335/245 747/334/244 755/321/233 758/320/232
f 751/314/226 743/351/259 745/350/258 754/315/227
f 824/362/268 815/363/269 210/364/270 212/365/271
f 196/366/241 194/342/240 752/343/252 759/367/272
f 770/338/248 197/341/251 199/368/255 778/369/273
f 198/370/266 196/366/241 759/367/272 767/371/274
f 195/360/250 765/361/267 774/348/256 197/347/251
f 772/357/265 763/328/238 196/331/241 198/358/266
f 766/323/235 764/322/234 771/353/261 773/352/260
f 785/372/275 201/373/276 203/374/277 793/375/278
f 791/376/279 784/377/280 786/378/281 794/379/282
f 753/327/237 193/326/229 195/340/250 761/339/249
f 203/380/277 797/381/283 806/382/284 205/383/285
f 204/384/286 792/385/287 800/386/288 206/387/289
f 200/268/193 198/370/266 767/371/274 776/269/194
f 784/377/280 775/345/254 777/344/253 786/378/281
f 788/388/290 202/389/196 204/390/286 795/391/291
f 778/369/273 199/368/255 201/373/276 785/372/275
f 790/392/292 781/355/263 780/354/262 787/393/293
f 199/346/255 782/349/257 789/394/294 201/395/276
f 201/395/276 789/394/294 797/381/283 203/380/277
f 788/388/290 779/356/264 200/359/193 202/389/196
f 798/396/295 796/397/296 803/398/297 805/399/298
f 790/392/292 787/393/293 796/397/296 798/396/295
f 204/384/286 202/271/196 783/270/195 792/385/287
f 804/400/299 795/391/291 204/390/286 206/401/289
f 815/363/269 807/108/104 208/111/107 210/364/270
f 793/375/278 203/374/277 205/402/285 801/403/300
f 364/404/301 365/405/302 604/406/303 603/407/304
f 834/408/305 835/409/306 843/410/307 841/411/308
f 892/412/309 227/413/310 206/387/289 800/386/288
f 802/414/311 799/415/312 791/376/279 794/379/282
f 889/416/313 882/417/314 884/418/315 891/419/316
f 801/403/300 205/402/285 228/420/317 890/421/318
f 205/383/285 806/382/284 887/422/319 228/423/317
f 206/401/289 227/424/310 894/425/320 804/400/299
f 822/426/321 816/427/322 823/428/323 830/429/324
f 220/430/325 858/431/326 866/432/327 222/433/328
f 817/434/329 809/226/165 812/229/168 819/435/330
f 217/436/220 853/437/331 862/438/332 219/439/333
f 811/440/334 207/441/185 209/442/335 820/443/336
f 837/444/337 832/445/338 839/446/339 846/447/340
f 210/448/270 208/240/107 810/243/177 818/449/341
f 713/234/171 711/233/170 704/450/342 706/451/343
f 209/452/335 207/258/185 814/261/186 821/453/344
f 831/303/215 824/362/268 212/365/271 214/304/216
f 212/454/271 210/448/270 818/449/341 825/455/345
f 213/456/346 211/457/347 829/458/348 838/459/349
f 211/457/347 209/452/335 821/453/344 829/458/348
f 883/460/350 225/461/351 227/413/310 892/412/309
f 817/434/329 819/435/330 828/462/352 826/463/353
f 859/464/354 851/309/221 217/308/220 219/465/333
f 827/466/355 211/467/347 213/468/346 836/469/356
f 834/408/305 826/463/353 828/462/352 835/409/306
f 865/470/357 857/471/358 860/472/359 868/473/360
f 837/444/337 830/429/324 823/428/323 832/445/338
f 847/474/361 840/302/214 216/305/217 218/475/362
f 820/443/336 209/442/335 211/467/347 827/466/355
f 846/447/340 839/446/339 848/476/363 854/477/364
f 216/478/217 214/479/216 833/480/365 842/481/366
f 215/482/219 845/483/367 853/437/331 217/436/220
f 215/482/219 213/456/346 838/459/349 845/483/367
f 861/484/368 856/485/369 863/486/370 870/487/371
f 221/488/372 869/489/373 878/490/374 223/491/375
f 850/492/376 841/411/308 843/410/307 852/493/377
f 850/492/376 852/493/377 860/472/359 857/471/358
f 847/474/361 218/475/362 220/494/325 855/495/378
f 216/478/217 842/481/366 849/496/379 218/497/362
f 864/498/380 222/499/328 224/500/381 872/501/382
f 836/469/356 213/468/346 215/307/219 844/306/218
f 873/502/383 875/503/384 884/418/315 882/417/314
f 854/477/364 848/476/363 856/485/369 861/484/368
f 220/430/325 218/497/362 849/496/379 858/431/326
f 224/504/381 222/433/328 866/432/327 874/505/385
f 219/439/333 862/438/332 869/489/373 221/488/372
f 859/464/354 219/465/333 221/506/372 867/507/386
f 864/498/380 855/495/378 220/494/325 222/499/328
f 867/507/386 221/506/372 223/508/375 876/509/387
f 873/502/383 865/470/357 868/473/360 875/503/384
f 228/420/317 226/510/388 881/511/389 890/421/318
f 893/512/390 886/513/391 879/514/392 888/515/393
f 880/516/394 872/501/382 224/500/381 226/517/388
f 877/518/395 871/519/396 879/514/392 886/513/391
f 870/487/371 863/486/370 871/519/396 877/518/395
f 900/520/397 260/1/1 230/4/4 895/521/398
f 226/510/388 224/504/381 874/505/385 881/511/389
f 227/424/310 225/522/351 885/523/399 894/425/320
f 225/522/351 223/491/375 878/490/374 885/523/399
f 907/524/400 319/525/401 409/526/402 920/527/403
f 887/422/319 880/516/394 226/517/388 228/423/317
f 355/528/404 356/529/405 595/530/406 594/531/407
f 876/509/387 223/508/375 225/461/351 883/460/350
f 889/416/313 891/419/316 799/415/312 802/414/311
f 805/399/298 803/398/297 893/512/390 888/515/393
f 373/532/408 374/533/409 613/534/410 612/535/411
f 946/536/412 618/537/413 289/538/414 906/539/415
f 618/537/413 943/540/416 903/541/417 289/538/414
f 589/542/418 590/543/419 291/544/420 290/545/421
f 590/543/419 591/546/422 292/547/423 291/544/420
f 591/546/422 592/548/424 293/549/425 292/547/423
f 592/548/424 593/550/426 294/551/427 293/549/425
f 593/550/426 594/531/407 295/552/428 294/551/427
f 594/531/407 595/530/406 296/553/429 295/552/428
f 595/530/406 596/554/430 297/555/431 296/553/429
f 596/554/430 597/556/432 298/557/433 297/555/431
f 597/556/432 598/558/434 299/559/435 298/557/433
f 598/558/434 599/560/436 300/561/437 299/559/435
f 599/560/436 600/562/438 301/563/439 300/561/437
f 600/562/438 601/564/440 302/565/441 301/563/439
f 601/564/440 602/566/442 303/567/443 302/565/441
f 602/566/442 603/407/304 304/568/444 303/567/443
f 603/407/304 604/406/303 305/569/445 304/568/444
f 604/406/303 605/570/446 306/571/447 305/569/445
f 605/570/446 606/572/448 307/573/449 306/571/447
f 606/572/448 607/574/450 308/575/451 307/573/449
f 607/574/450 608/576/452 309/577/453 308/575/451
f 608/576/452 609/578/454 310/579/455 309/577/453
f 609/578/454 610/580/456 311/581/457 310/579/455
f 610/580/456 611/582/458 312/583/459 311/581/457
f 611/582/458 612/535/411 313/584/460 312/583/459
f 612/535/411 613/534/410 314/585/461 313/584/460
f 613/534/410 614/586/462 315/587/463 314/585/461
f 617/588/464 945/589/465 905/590/466 318/591/467
f 615/592/468 616/593/469 317/594/470 316/595/471
f 616/593/469 617/588/464 318/591/467 317/594/470
f 614/586/462 615/592/468 316/595/471 315/587/463
f 944/596/472 589/542/418 290/545/421 904/597/473
f 906/539/415 289/538/414 259/598/474 902/599/475
f 317/594/470 318/591/467 288/600/476 287/601/477
f 316/595/471 317/594/470 287/601/477 286/602/478
f 315/587/463 316/595/471 286/602/478 285/603/479
f 314/585/461 315/587/463 285/603/479 284/604/480
f 313/584/460 314/585/461 284/604/480 283/605/481
f 312/583/459 313/584/460 283/605/481 282/606/482
f 311/581/457 312/583/459 282/606/482 281/607/483
f 310/579/455 311/581/457 281/607/483 280/608/484
f 309/577/453 310/579/455 280/608/484 279/609/485
f 308/575/451 309/577/453 279/609/485 278/610/486
f 307/573/449 308/575/451 278/610/486 277/611/487
f 306/571/447 307/573/449 277/611/487 276/612/488
f 305/569/445 306/571/447 276/612/488 275/613/489
f 304/568/444 305/569/445 275/613/489 274/614/490
f 303/567/443 304/568/444 274/614/490 273/615/491
f 302/565/441 303/567/443 273/615/491 272/616/492
f 301/563/439 302/565/441 272/616/492 271/617/493
f 300/561/437 301/563/439 271/617/493 270/618/494
f 299/559/435 300/561/437 270/618/494 269/619/495
f 298/557/433 299/559/435 269/619/495 268/620/496
f 297/555/431 298/557/433 268/620/496 267/621/497
f 296/553/429 297/555/431 267/621/497 266/622/498
f 295/552/428 296/553/429 266/622/498 265/623/499
f 352/624/500 353/625/501 592/548/424 591/546/422
f 294/551/427 295/552/428 265/623/499 264/626/502
f 361/627/503 362/628/504 601/564/440 600/562/438
f 293/549/425 294/551/427 264/626/502 263/629/505
f 370/630/506 371/631/507 610/580/456 609/578/454
f 292/547/423 293/549/425 263/629/505 262/632/508
f 957/77/73 679/633/509 3/634/510
f 291/544/420 292/547/423 262/632/508 261/635/2
f 290/545/421 291/544/420 261/635/2 260/636/1
f 289/538/414 903/541/417 899/637/511 259/598/474
f 318/591/467 905/590/466 901/638/512 288/600/476
f 688/639/203 62/640/119 181/289/122 705/288/206
f 685/641/513 2/642/514 409/526/402 922/643/515
f 58/644/516 60/69/67 438/72/70 437/645/517
f 56/646/518 58/644/516 437/645/517 436/647/519
f 54/648/520 56/646/518 436/647/519 435/649/521
f 52/650/522 54/648/520 435/649/521 434/651/523
f 50/652/524 52/650/522 434/651/523 433/653/525
f 48/654/526 50/652/524 433/653/525 432/655/527
f 46/656/528 48/654/526 432/655/527 431/657/529
f 44/658/530 46/656/528 431/657/529 430/659/531
f 42/660/532 44/658/530 430/659/531 429/661/533
f 40/662/534 42/660/532 429/661/533 428/663/535
f 38/664/536 40/662/534 428/663/535 427/665/537
f 36/666/538 38/664/536 427/665/537 426/667/539
f 34/668/540 36/666/538 426/667/539 425/669/541
f 32/670/542 34/668/540 425/669/541 424/671/543
f 30/672/544 32/670/542 424/671/543 423/673/545
f 28/674/546 30/672/544 423/673/545 422/675/547
f 26/676/548 28/674/546 422/675/547 421/677/549
f 24/678/550 26/676/548 421/677/549 420/679/551
f 22/680/552 24/678/550 420/679/551 419/681/553
f 20/682/554 22/680/552 419/681/553 418/683/555
f 18/684/556 20/682/554 418/683/555 417/685/557
f 16/686/558 18/684/556 417/685/557 416/687/559
f 14/688/560 16/686/558 416/687/559 415/689/561
f 12/690/562 14/688/560 415/689/561 414/691/563
f 320/692/564 908/693/565 919/694/566 410/695/567
f 10/696/568 12/690/562 414/691/563 413/697/569
f 6/698/570 8/699/571 412/700/572 411/701/573
f 955/107/103 4/702/574 682/703/575
f 2/642/514 681/704/576 920/527/403 409/526/402
f 8/699/571 10/696/568 413/697/569 412/700/572
f 4/702/574 6/698/570 411/701/573 410/695/567
f 319/525/401 907/524/400 915/705/577 379/706/578
f 908/693/565 320/692/564 380/707/579 916/708/580
f 320/692/564 321/709/581 381/710/582 380/707/579
f 319/525/401 909/711/583 922/643/515 409/526/402
f 321/709/581 322/712/584 382/713/585 381/710/582
f 321/709/581 320/692/564 410/695/567 411/701/573
f 322/712/584 323/714/586 383/715/587 382/713/585
f 322/712/584 321/709/581 411/701/573 412/700/572
f 323/714/586 324/716/588 384/717/589 383/715/587
f 323/714/586 322/712/584 412/700/572 413/697/569
f 324/716/588 325/718/590 385/719/591 384/717/589
f 324/716/588 323/714/586 413/697/569 414/691/563
f 325/718/590 326/720/592 386/721/593 385/719/591
f 325/718/590 324/716/588 414/691/563 415/689/561
f 326/720/592 327/722/594 387/723/595 386/721/593
f 326/720/592 325/718/590 415/689/561 416/687/559
f 327/722/594 328/724/596 388/725/597 387/723/595
f 327/722/594 326/720/592 416/687/559 417/685/557
f 328/724/596 329/726/598 389/727/599 388/725/597
f 328/724/596 327/722/594 417/685/557 418/683/555
f 329/726/598 330/728/600 390/729/601 389/727/599
f 329/726/598 328/724/596 418/683/555 419/681/553
f 330/728/600 331/730/602 391/731/603 390/729/601
f 330/728/600 329/726/598 419/681/553 420/679/551
f 331/730/602 332/732/604 392/733/605 391/731/603
f 331/730/602 330/728/600 420/679/551 421/677/549
f 332/732/604 333/734/606 393/735/607 392/733/605
f 332/732/604 331/730/602 421/677/549 422/675/547
f 333/734/606 334/736/608 394/737/609 393/735/607
f 333/734/606 332/732/604 422/675/547 423/673/545
f 334/736/608 335/738/610 395/739/611 394/737/609
f 334/736/608 333/734/606 423/673/545 424/671/543
f 335/738/610 336/740/612 396/741/613 395/739/611
f 335/738/610 334/736/608 424/671/543 425/669/541
f 336/740/612 337/742/614 397/743/615 396/741/613
f 336/740/612 335/738/610 425/669/541 426/667/539
f 337/742/614 338/744/616 398/745/617 397/743/615
f 349/746/618 618/537/413 946/536/412 913/747/619
f 337/742/614 336/740/612 426/667/539 427/665/537
f 338/744/616 339/748/620 399/749/621 398/745/617
f 375/750/622 376/751/623 615/592/468 614/586/462
f 338/744/616 337/742/614 427/665/537 428/663/535
f 339/748/620 340/752/624 400/753/625 399/749/621
f 372/754/626 373/532/408 612/535/411 611/582/458
f 339/748/620 338/744/616 428/663/535 429/661/533
f 340/752/624 341/755/627 401/756/628 400/753/625
f 369/757/629 370/630/506 609/578/454 608/576/452
f 340/752/624 339/748/620 429/661/533 430/659/531
f 341/755/627 342/758/630 402/759/631 401/756/628
f 366/760/632 367/761/633 606/572/448 605/570/446
f 341/755/627 340/752/624 430/659/531 431/657/529
f 342/758/630 343/762/634 403/763/635 402/759/631
f 363/764/636 364/404/301 603/407/304 602/566/442
f 342/758/630 341/755/627 431/657/529 432/655/527
f 343/762/634 344/765/637 404/766/638 403/763/635
f 360/767/639 361/627/503 600/562/438 599/560/436
f 343/762/634 342/758/630 432/655/527 433/653/525
f 344/765/637 345/768/640 405/769/641 404/766/638
f 357/770/642 358/771/643 597/556/432 596/554/430
f 344/765/637 343/762/634 433/653/525 434/651/523
f 345/768/640 346/772/644 406/773/645 405/769/641
f 354/774/646 355/528/404 594/531/407 593/550/426
f 345/768/640 344/765/637 434/651/523 435/649/521
f 346/772/644 347/775/647 407/776/648 406/773/645
f 351/777/649 352/624/500 591/546/422 590/543/419
f 346/772/644 345/768/640 435/649/521 436/647/519
f 347/775/647 348/778/650 408/779/651 407/776/648
f 347/775/647 346/772/644 436/647/519 437/645/517
f 912/780/652 943/540/416 618/537/413 349/746/618
f 348/778/650 347/775/647 437/645/517 438/72/70
f 348/778/650 910/781/653 917/782/654 408/779/651
f 909/711/583 319/525/401 379/706/578 918/783/655
f 472/784/656 471/785/657 501/786/658 502/787/659
f 910/781/653 348/778/650 438/72/70 921/71/69
f 499/788/660 439/789/661 923/790/662 932/791/663
f 378/792/664 914/793/665 945/589/465 617/588/464
f 377/794/666 407/776/648 408/779/651 378/792/664
f 376/751/623 406/773/645 407/776/648 377/794/666
f 375/750/622 405/769/641 406/773/645 376/751/623
f 374/533/409 404/766/638 405/769/641 375/750/622
f 373/532/408 403/763/635 404/766/638 374/533/409
f 372/754/626 402/759/631 403/763/635 373/532/408
f 371/631/507 401/756/628 402/759/631 372/754/626
f 370/630/506 400/753/625 401/756/628 371/631/507
f 369/757/629 399/749/621 400/753/625 370/630/506
f 368/795/667 398/745/617 399/749/621 369/757/629
f 367/761/633 397/743/615 398/745/617 368/795/667
f 366/760/632 396/741/613 397/743/615 367/761/633
f 365/405/302 395/739/611 396/741/613 366/760/632
f 364/404/301 394/737/609 395/739/611 365/405/302
f 363/764/636 393/735/607 394/737/609 364/404/301
f 362/628/504 392/733/605 393/735/607 363/764/636
f 361/627/503 391/731/603 392/733/605 362/628/504
f 360/767/639 390/729/601 391/731/603 361/627/503
f 359/796/668 389/727/599 390/729/601 360/767/639
f 358/771/643 388/725/597 389/727/599 359/796/668
f 357/770/642 387/723/595 388/725/597 358/771/643
f 356/529/405 386/721/593 387/723/595 357/770/642
f 355/528/404 385/719/591 386/721/593 356/529/405
f 354/774/646 384/717/589 385/719/591 355/528/404
f 353/625/501 383/715/587 384/717/589 354/774/646
f 352/624/500 382/713/585 383/715/587 353/625/501
f 351/777/649 381/710/582 382/713/585 352/624/500
f 350/797/669 380/707/579 381/710/582 351/777/649
f 911/798/670 916/708/580 380/707/579 350/797/669
f 911/798/670 350/797/669 589/542/418 944/596/472
f 377/794/666 378/792/664 617/588/464 616/593/469
f 374/533/409 375/750/622 614/586/462 613/534/410
f 371/631/507 372/754/626 611/582/458 610/580/456
f 368/795/667 369/757/629 608/576/452 607/574/450
f 365/405/302 366/760/632 605/570/446 604/406/303
f 362/628/504 363/764/636 602/566/442 601/564/440
f 359/796/668 360/767/639 599/560/436 598/558/434
f 356/529/405 357/770/642 596/554/430 595/530/406
f 353/625/501 354/774/646 593/550/426 592/548/424
f 1/799/671 683/800/672 949/801/673 619/802/674
f 350/797/669 351/777/649 590/543/419 589/542/418
f 682/703/575 4/702/574 410/695/567 919/694/566
f 955/107/103 8/699/571 6/698/570
f 955/107/103 10/696/568 8/699/571
f 955/107/103 12/690/562 10/696/568
f 955/107/103 14/688/560 12/690/562
f 955/107/103 16/686/558 14/688/560
f 955/107/103 18/684/556 16/686/558
f 955/107/103 20/682/554 18/684/556
f 955/107/103 22/680/552 20/682/554
f 955/107/103 24/678/550 22/680/552
f 955/107/103 26/676/548 24/678/550
f 955/107/103 28/674/546 26/676/548
f 955/107/103 30/672/544 28/674/546
f 955/107/103 32/670/542 30/672/544
f 955/107/103 34/668/540 32/670/542
f 955/107/103 36/666/538 34/668/540
f 955/107/103 38/664/536 36/666/538
f 955/107/103 40/662/534 38/664/536
f 955/107/103 42/660/532 40/662/534
f 955/107/103 44/658/530 42/660/532
f 955/107/103 46/656/528 44/658/530
f 955/107/103 48/654/526 46/656/528
f 955/107/103 50/652/524 48/654/526
f 955/107/103 52/650/522 50/652/524
f 955/107/103 54/648/520 52/650/522
f 955/107/103 56/646/518 54/648/520
f 955/107/103 58/644/516 56/646/518
f 955/107/103 60/69/67 58/644/516
f 957/77/73 3/634/510 5/803/675
f 468/804/676 677/805/677 954/806/678 925/807/679
f 924/808/680 951/809/681 649/810/682 440/811/683
f 923/790/662 439/789/661 678/297/179 952/296/211
f 500/812/684 440/811/683 441/813/685 501/814/658
f 501/814/658 441/813/685 442/815/686 502/816/659
f 502/816/659 442/815/686 443/817/687 503/818/688
f 503/818/688 443/817/687 444/819/689 504/820/690
f 504/820/690 444/819/689 445/821/691 505/822/692
f 505/822/692 445/821/691 446/823/693 506/824/694
f 506/824/694 446/823/693 447/825/695 507/826/696
f 507/826/696 447/825/695 448/827/697 508/828/698
f 508/828/698 448/827/697 449/829/699 509/830/700
f 509/830/700 449/829/699 450/831/701 510/832/702
f 510/832/702 450/831/701 451/833/703 511/834/704
f 511/834/704 451/833/703 452/835/705 512/836/706
f 512/836/706 452/835/705 453/837/707 513/838/708
f 513/838/708 453/837/707 454/839/709 514/840/710
f 514/840/710 454/839/709 455/841/711 515/842/712
f 515/842/712 455/841/711 456/843/713 516/844/714
f 516/844/714 456/843/713 457/845/715 517/846/716
f 517/846/716 457/845/715 458/847/717 518/848/718
f 518/848/718 458/847/717 459/849/719 519/850/720
f 519/850/720 459/849/719 460/851/721 520/852/722
f 520/852/722 460/851/721 461/853/723 521/854/724
f 521/854/724 461/853/723 462/855/725 522/856/726
f 522/856/726 462/855/725 463/857/727 523/858/728
f 523/858/728 463/857/727 464/859/729 524/860/730
f 524/860/730 464/859/729 465/861/731 525/862/732
f 525/862/732 465/861/731 466/863/733 526/864/734
f 498/865/735 929/866/736 938/867/737 558/868/738
f 526/864/734 466/863/733 467/869/739 527/870/740
f 954/806/678 677/805/677 179/130/124 702/244/117
f 560/871/741 939/872/742 936/873/743 530/874/744
f 527/870/740 467/869/739 468/804/676 528/875/745
f 214/479/216 212/454/271 825/455/345 833/480/365
f 927/876/746 470/877/747 530/874/744 936/873/743
f 934/878/748 926/879/749 439/880/661 499/881/660
f 926/879/749 953/247/180 678/246/179 439/880/661
f 696/882/750 895/521/398 230/4/4 122/13/11
f 473/883/751 472/784/656 502/787/659 503/884/688
f 561/885/752 560/871/741 530/874/744 531/886/753
f 928/887/754 469/888/755 499/889/660 932/890/663
f 474/891/756 473/883/751 503/884/688 504/892/690
f 562/893/757 561/885/752 531/886/753 532/894/758
f 470/877/747 927/876/746 931/895/759 500/896/684
f 475/897/760 474/891/756 504/892/690 505/898/692
f 563/899/761 562/893/757 532/894/758 533/900/762
f 470/877/747 471/785/657 531/886/753 530/874/744
f 476/901/763 475/897/760 505/898/692 506/902/694
f 564/903/764 563/899/761 533/900/762 534/904/765
f 471/785/657 472/784/656 532/894/758 531/886/753
f 477/905/766 476/901/763 506/902/694 507/906/696
f 565/907/767 564/903/764 534/904/765 535/908/768
f 472/784/656 473/883/751 533/900/762 532/894/758
f 478/909/769 477/905/766 507/906/696 508/910/698
f 566/911/770 565/907/767 535/908/768 536/912/771
f 473/883/751 474/891/756 534/904/765 533/900/762
f 479/913/772 478/909/769 508/910/698 509/914/700
f 567/915/773 566/911/770 536/912/771 537/916/774
f 474/891/756 475/897/760 535/908/768 534/904/765
f 480/917/775 479/913/772 509/914/700 510/918/702
f 568/919/776 567/915/773 537/916/774 538/920/777
f 475/897/760 476/901/763 536/912/771 535/908/768
f 481/921/778 480/917/775 510/918/702 511/922/704
f 569/923/779 568/919/776 538/920/777 539/924/780
f 476/901/763 477/905/766 537/916/774 536/912/771
f 482/925/781 481/921/778 511/922/704 512/926/706
f 570/927/782 569/923/779 539/924/780 540/928/783
f 477/905/766 478/909/769 538/920/777 537/916/774
f 483/929/784 482/925/781 512/926/706 513/930/708
f 571/931/785 570/927/782 540/928/783 541/932/786
f 478/909/769 479/913/772 539/924/780 538/920/777
f 484/933/787 483/929/784 513/930/708 514/934/710
f 572/935/788 571/931/785 541/932/786 542/936/789
f 479/913/772 480/917/775 540/928/783 539/924/780
f 485/937/790 484/933/787 514/934/710 515/938/712
f 573/939/791 572/935/788 542/936/789 543/940/792
f 480/917/775 481/921/778 541/932/786 540/928/783
f 486/941/793 485/937/790 515/938/712 516/942/714
f 574/943/794 573/939/791 543/940/792 544/944/795
f 481/921/778 482/925/781 542/936/789 541/932/786
f 487/945/796 486/941/793 516/942/714 517/946/716
f 575/947/797 574/943/794 544/944/795 545/948/798
f 482/925/781 483/929/784 543/940/792 542/936/789
f 488/949/799 487/945/796 517/946/716 518/950/718
f 576/951/800 575/947/797 545/948/798 546/952/801
f 483/929/784 484/933/787 544/944/795 543/940/792
f 489/953/802 488/949/799 518/950/718 519/954/720
f 577/955/803 576/951/800 546/952/801 547/956/804
f 484/933/787 485/937/790 545/948/798 544/944/795
f 490/957/805 489/953/802 519/954/720 520/958/722
f 578/959/806 577/955/803 547/956/804 548/960/807
f 485/937/790 486/941/793 546/952/801 545/948/798
f 491/961/808 490/957/805 520/958/722 521/962/724
f 579/963/809 578/959/806 548/960/807 549/964/810
f 486/941/793 487/945/796 547/956/804 546/952/801
f 492/965/811 491/961/808 521/962/724 522/966/726
f 580/967/812 579/963/809 549/964/810 550/968/813
f 487/945/796 488/949/799 548/960/807 547/956/804
f 493/969/814 492/965/811 522/966/726 523/970/728
f 581/971/815 580/967/812 550/968/813 551/972/816
f 488/949/799 489/953/802 549/964/810 548/960/807
f 494/973/817 493/969/814 523/970/728 524/974/730
f 582/975/818 581/971/815 551/972/816 552/976/819
f 489/953/802 490/957/805 550/968/813 549/964/810
f 495/977/820 494/973/817 524/974/730 525/978/732
f 583/979/821 582/975/818 552/976/819 553/980/822
f 490/957/805 491/961/808 551/972/816 550/968/813
f 496/981/823 495/977/820 525/978/732 526/982/734
f 584/983/824 583/979/821 553/980/822 554/984/825
f 491/961/808 492/965/811 552/976/819 551/972/816
f 497/985/826 496/981/823 526/982/734 527/986/740
f 585/987/827 584/983/824 554/984/825 555/988/828
f 492/965/811 493/969/814 553/980/822 552/976/819
f 498/865/735 497/985/826 527/986/740 528/989/745
f 586/990/829 585/987/827 555/988/828 556/991/830
f 493/969/814 494/973/817 554/984/825 553/980/822
f 940/992/831 559/993/832 529/994/833 935/995/834
f 587/996/835 586/990/829 556/991/830 557/997/836
f 494/973/817 495/977/820 555/988/828 554/984/825
f 942/998/837 588/999/838 558/868/738 938/867/737
f 588/999/838 587/996/835 557/997/836 558/868/738
f 495/977/820 496/981/823 556/991/830 555/988/828
f 948/1000/839 619/802/674 559/993/832 940/992/831
f 496/981/823 497/985/826 557/997/836 556/991/830
f 497/985/826 498/865/735 558/868/738 557/997/836
f 929/866/736 498/865/735 528/989/745 933/1001/840
f 930/1002/841 469/888/755 529/994/833 937/1003/842
f 469/888/755 930/1002/841 934/1004/748 499/889/660
f 559/993/832 941/1005/843 937/1003/842 529/994/833
f 471/785/657 470/877/747 500/896/684 501/786/658
f 3/634/510 679/633/509 947/1006/844 620/1007/845
f 620/1007/845 947/1006/844 939/872/742 560/871/741
f 619/802/674 949/801/673 941/1005/843 559/993/832
f 621/1008/846 620/1007/845 560/871/741 561/885/752
f 622/1009/847 621/1008/846 561/885/752 562/893/757
f 623/1010/848 622/1009/847 562/893/757 563/899/761
f 624/1011/849 623/1010/848 563/899/761 564/903/764
f 625/1012/850 624/1011/849 564/903/764 565/907/767
f 626/1013/851 625/1012/850 565/907/767 566/911/770
f 627/1014/852 626/1013/851 566/911/770 567/915/773
f 628/1015/853 627/1014/852 567/915/773 568/919/776
f 629/1016/854 628/1015/853 568/919/776 569/923/779
f 630/1017/855 629/1016/854 569/923/779 570/927/782
f 631/1018/856 630/1017/855 570/927/782 571/931/785
f 632/1019/857 631/1018/856 571/931/785 572/935/788
f 633/1020/858 632/1019/857 572/935/788 573/939/791
f 634/1021/859 633/1020/858 573/939/791 574/943/794
f 635/1022/860 634/1021/859 574/943/794 575/947/797
f 636/1023/861 635/1022/860 575/947/797 576/951/800
f 637/1024/862 636/1023/861 576/951/800 577/955/803
f 638/1025/863 637/1024/862 577/955/803 578/959/806
f 639/1026/864 638/1025/863 578/959/806 579/963/809
f 640/1027/865 639/1026/864 579/963/809 580/967/812
f 641/1028/866 640/1027/865 580/967/812 581/971/815
f 642/1029/867 641/1028/866 581/971/815 582/975/818
f 643/1030/868 642/1029/867 582/975/818 583/979/821
f 644/1031/869 643/1030/868 583/979/821 584/983/824
f 645/1032/870 644/1031/869 584/983/824 585/987/827
f 646/1033/871 645/1032/870 585/987/827 586/990/829
f 647/1034/872 646/1033/871 586/990/829 587/996/835
f 648/105/101 647/1034/872 587/996/835 588/999/838
f 955/107/103 6/698/570 4/702/574
f 950/106/102 648/105/101 588/999/838 942/998/837
f 958/1035/73 1/799/671 680/1036/873
f 5/803/675 3/634/510 620/1007/845 621/1008/846
f 7/1037/874 5/803/675 621/1008/846 622/1009/847
f 9/78/74 7/1037/874 622/1009/847 623/1010/848
f 11/79/75 9/78/74 623/1010/848 624/1011/849
f 13/80/76 11/79/75 624/1011/849 625/1012/850
f 15/81/77 13/80/76 625/1012/850 626/1013/851
f 17/82/78 15/81/77 626/1013/851 627/1014/852
f 19/83/79 17/82/78 627/1014/852 628/1015/853
f 21/84/80 19/83/79 628/1015/853 629/1016/854
f 23/85/81 21/84/80 629/1016/854 630/1017/855
f 25/86/82 23/85/81 630/1017/855 631/1018/856
f 27/87/83 25/86/82 631/1018/856 632/1019/857
f 29/88/84 27/87/83 632/1019/857 633/1020/858
f 31/89/85 29/88/84 633/1020/858 634/1021/859
f 33/90/86 31/89/85 634/1021/859 635/1022/860
f 35/91/87 33/90/86 635/1022/860 636/1023/861
f 37/92/88 35/91/87 636/1023/861 637/1024/862
f 39/93/89 37/92/88 637/1024/862 638/1025/863
f 41/94/90 39/93/89 638/1025/863 639/1026/864
f 43/95/91 41/94/90 639/1026/864 640/1027/865
f 45/96/92 43/95/91 640/1027/865 641/1028/866
f 47/97/93 45/96/92 641/1028/866 642/1029/867
f 49/98/94 47/97/93 642/1029/867 643/1030/868
f 51/99/95 49/98/94 643/1030/868 644/1031/869
f 53/100/96 51/99/95 644/1031/869 645/1032/870
f 55/101/97 53/100/96 645/1032/870 646/1033/871
f 57/102/98 55/101/97 646/1033/871 647/1034/872
f 59/103/99 57/102/98 647/1034/872 648/105/101
f 958/1035/73 683/800/672 1/799/671
f 957/77/73 59/103/99 684/104/100
f 379/706/578 915/705/577 912/780/652 349/746/618
f 913/747/619 918/783/655 379/706/578 349/746/618
f 957/77/73 7/1037/874 9/78/74
f 957/77/73 5/803/675 7/1037/874
f 469/888/755 928/887/754 935/995/834 529/994/833
f 528/875/745 468/804/676 925/807/679 933/1038/840
f 150/68/66 258/67/65 897/1039/875 697/225/125
f 467/869/739 676/1040/876 677/805/677 468/804/676
f 466/863/733 675/1041/877 676/1040/876 467/869/739
f 687/257/184 696/882/750 122/13/11 63/224/164
f 465/861/731 674/1042/878 675/1041/877 466/863/733
f 904/597/473 290/545/421 260/636/1 900/1043/397
f 464/859/729 673/1044/879 674/1042/878 465/861/731
f 902/1045/475 259/1046/474 229/73/9 898/76/72
f 463/857/727 672/1047/880 673/1044/879 464/859/729
f 287/1048/477 288/1049/476 258/67/65 257/65/63
f 462/855/725 671/1050/881 672/1047/880 463/857/727
f 286/1051/478 287/1048/477 257/65/63 256/63/61
f 461/853/723 670/1052/882 671/1050/881 462/855/725
f 285/1053/479 286/1051/478 256/63/61 255/61/59
f 460/851/721 669/1054/883 670/1052/882 461/853/723
f 284/1055/480 285/1053/479 255/61/59 254/59/57
f 459/849/719 668/1056/884 669/1054/883 460/851/721
f 283/1057/481 284/1055/480 254/59/57 253/57/55
f 458/847/717 667/1058/885 668/1056/884 459/849/719
f 282/1059/482 283/1057/481 253/57/55 252/55/53
f 457/845/715 666/1060/886 667/1058/885 458/847/717
f 281/1061/483 282/1059/482 252/55/53 251/53/51
f 456/843/713 665/1062/887 666/1060/886 457/845/715
f 280/1063/484 281/1061/483 251/53/51 250/51/49
f 455/841/711 664/1064/888 665/1062/887 456/843/713
f 279/1065/485 280/1063/484 250/51/49 249/49/47
f 454/839/709 663/1066/889 664/1064/888 455/841/711
f 278/1067/486 279/1065/485 249/49/47 248/47/45
f 453/837/707 662/1068/890 663/1066/889 454/839/709
f 277/1069/487 278/1067/486 248/47/45 247/45/43
f 452/835/705 661/1070/891 662/1068/890 453/837/707
f 276/1071/488 277/1069/487 247/45/43 246/43/41
f 451/833/703 660/1072/892 661/1070/891 452/835/705
f 275/1073/489 276/1071/488 246/43/41 245/41/39
f 450/831/701 659/1074/893 660/1072/892 451/833/703
f 274/1075/490 275/1073/489 245/41/39 244/39/37
f 449/829/699 658/1076/894 659/1074/893 450/831/701
f 273/1077/491 274/1075/490 244/39/37 243/37/35
f 448/827/697 657/1078/895 658/1076/894 449/829/699
f 272/1079/492 273/1077/491 243/37/35 242/35/33
f 447/825/695 656/1080/896 657/1078/895 448/827/697
f 271/1081/493 272/1079/492 242/35/33 241/33/31
f 378/792/664 408/779/651 917/782/654 914/793/665
f 446/823/693 655/1082/897 656/1080/896 447/825/695
f 270/1083/494 271/1081/493 241/33/31 240/31/29
f 358/771/643 359/796/668 598/558/434 597/556/432
f 445/821/691 654/1084/898 655/1082/897 446/823/693
f 269/1085/495 270/1083/494 240/31/29 239/29/27
f 367/761/633 368/795/667 607/574/450 606/572/448
f 444/819/689 653/1086/899 654/1084/898 445/821/691
f 268/1087/496 269/1085/495 239/29/27 238/27/25
f 376/751/623 377/794/666 616/593/469 615/592/468
f 443/817/687 652/1088/900 653/1086/899 444/819/689
f 267/1089/497 268/1087/496 238/27/25 237/25/23
f 442/815/686 651/1090/901 652/1088/900 443/817/687
f 266/1091/498 267/1089/497 237/25/23 236/23/21
f 441/813/685 650/1092/902 651/1090/901 442/815/686
f 265/1093/499 266/1091/498 236/23/21 235/21/19
f 440/811/683 649/810/682 650/1092/902 441/813/685
f 264/1094/502 265/1093/499 235/21/19 234/19/17
f 931/1095/759 924/808/680 440/811/683 500/812/684
f 263/1096/505 264/1094/502 234/19/17 233/17/15
f 649/810/682 951/809/681 699/230/167 151/222/162
f 288/1049/476 901/1097/512 897/1039/875 258/67/65
f 261/2/2 262/1098/508 232/15/13 231/3/3
f 259/1099/474 899/1100/511 896/11/10 229/10/9
f 707/237/174 698/1101/71 121/1102/6 182/238/5
f 262/1098/508 263/1096/505 233/17/15 232/15/13
f 182/5/5 703/8/8 712/285/204 184/284/175
f 822/426/321 813/120/116 808/123/118 816/427/322
f 700/1103/212 180/1104/178 207/441/185 811/440/334
f 650/1092/902 649/810/682 151/222/162 152/219/161
f 651/1090/901 650/1092/902 152/219/161 153/216/160
f 652/1088/900 651/1090/901 153/216/160 154/213/159
f 653/1086/899 652/1088/900 154/213/159 155/210/158
f 654/1084/898 653/1086/899 155/210/158 156/207/157
f 655/1082/897 654/1084/898 156/207/157 157/204/156
f 656/1080/896 655/1082/897 157/204/156 158/201/155
f 657/1078/895 656/1080/896 158/201/155 159/198/154
f 658/1076/894 657/1078/895 159/198/154 160/195/153
f 659/1074/893 658/1076/894 160/195/153 161/192/152
f 660/1072/892 659/1074/893 161/192/152 162/189/151
f 661/1070/891 660/1072/892 162/189/151 163/186/150
f 662/1068/890 661/1070/891 163/186/150 164/183/149
f 663/1066/889 662/1068/890 164/183/149 165/180/148
f 664/1064/888 663/1066/889 165/180/148 166/177/147
f 665/1062/887 664/1064/888 166/177/147 167/174/146
f 666/1060/886 665/1062/887 167/174/146 168/171/145
f 667/1058/885 666/1060/886 168/171/145 169/168/144
f 668/1056/884 667/1058/885 169/168/144 170/165/143
f 669/1054/883 668/1056/884 170/165/143 171/162/142
f 670/1052/882 669/1054/883 171/162/142 172/159/141
f 671/1050/881 670/1052/882 172/159/141 173/156/140
f 672/1047/880 671/1050/881 173/156/140 174/153/139
f 673/1044/879 672/1047/880 174/153/139 175/150/138
f 674/1042/878 673/1044/879 175/150/138 176/147/137
f 675/1041/877 674/1042/878 176/147/137 177/136/128
f 676/1040/876 675/1041/877 177/136/128 178/128/123
f 677/805/677 676/1040/876 178/128/123 179/130/124
f 704/450/342 696/1105/750 687/1106/184 706/451/343
f 702/121/117 813/120/116 814/261/186 701/260/181
f 706/451/343 687/1106/184 688/639/203 705/288/206
f 708/134/126 697/133/125 698/1101/71 707/237/174
f 810/243/177 689/242/176 690/227/166 809/226/165
f 687/257/184 690/231/166 689/280/176 688/283/203
f 812/229/168 699/228/167 700/1103/212 811/440/334
f 697/225/125 897/1039/875 898/76/72 698/75/71
f 808/123/118 693/122/115 694/109/105 807/108/104
f 954/806/678 702/244/117 701/248/181 953/247/180
f 718/266/191 709/126/121 710/135/127 717/295/210
f 952/296/211 700/299/212 699/230/167 951/809/681
f 712/285/204 703/8/8 704/450/342 711/233/170
f 714/291/207 721/143/133 722/235/172 713/234/171
f 734/287/205 725/300/213 726/310/222 733/313/225
f 713/234/171 706/451/343 705/288/206 714/291/207
f 730/146/136 737/293/208 738/337/247 729/318/230
f 720/113/109 712/285/204 711/233/170 719/232/169
f 728/114/110 720/113/109 719/232/169 727/319/231
f 717/295/210 726/310/222 725/300/213 718/266/191
f 750/140/131 741/139/130 742/332/242 749/335/245
f 729/318/230 722/235/172 721/143/133 730/146/136
f 746/324/236 753/327/237 754/315/227 745/350/258
f 736/263/188 728/114/110 727/319/231 735/336/246
f 744/264/189 736/263/188 735/336/246 743/351/259
f 733/313/225 742/332/242 741/139/130 734/287/205
f 762/274/199 754/315/227 753/327/237 761/339/249
f 745/350/258 738/337/247 737/293/208 746/324/236
f 766/323/235 773/352/260 774/348/256 765/361/267
f 752/343/252 744/264/189 743/351/259 751/314/226
f 765/361/267 757/316/228 758/320/232 766/323/235
f 749/335/245 758/320/232 757/316/228 750/140/131
f 768/272/197 775/345/254 776/269/194 767/371/274
f 756/329/239 763/328/238 764/322/234 755/321/233
f 767/371/274 759/367/272 760/273/198 768/272/197
f 782/349/257 774/348/256 773/352/260 781/355/263
f 788/388/290 795/391/291 796/397/296 787/393/293
f 772/357/265 779/356/264 780/354/262 771/353/261
f 786/378/281 777/344/253 778/369/273 785/372/275
f 806/382/284 797/381/283 798/396/295 805/399/298
f 790/392/292 798/396/295 797/381/283 789/394/294
f 784/377/280 791/376/279 792/385/287 783/270/195
f 787/393/293 780/354/262 779/356/264 788/388/290
f 816/427/322 808/123/118 807/108/104 815/363/269
f 800/386/288 792/385/287 791/376/279 799/415/312
f 794/379/282 786/378/281 785/372/275 793/375/278
f 802/414/311 794/379/282 793/375/278 801/403/300
f 892/412/309 800/386/288 799/415/312 891/419/316
f 830/429/324 837/444/337 838/459/349 829/458/348
f 828/462/352 819/435/330 820/443/336 827/466/355
f 832/445/338 823/428/323 824/362/268 831/303/215
f 834/408/305 841/411/308 842/481/366 833/480/365
f 818/449/341 810/243/177 809/226/165 817/434/329
f 815/363/269 824/362/268 823/428/323 816/427/322
f 848/476/363 839/446/339 840/302/214 847/474/361
f 847/474/361 855/495/378 856/485/369 848/476/363
f 833/480/365 825/455/345 826/463/353 834/408/305
f 844/306/218 851/309/221 852/493/377 843/410/307
f 850/492/376 857/471/358 858/431/326 849/496/379
f 860/472/359 852/493/377 851/309/221 859/464/354
f 862/438/332 853/437/331 854/477/364 861/484/368
f 866/432/327 858/431/326 857/471/358 865/470/357
f 878/490/374 869/489/373 870/487/371 877/518/395
f 886/513/391 893/512/390 894/425/320 885/523/399
f 884/418/315 875/503/384 876/509/387 883/460/350
f 888/515/393 879/514/392 880/516/394 887/422/319
f 874/505/385 866/432/327 865/470/357 873/502/383
f 890/421/318 881/511/389 882/417/314 889/416/313
f 893/512/390 803/398/297 804/400/299 894/425/320
f 896/11/10 899/1100/511 900/520/397 895/521/398
f 872/501/382 880/516/394 879/514/392 871/519/396
f 904/597/473 900/1043/397 899/637/511 903/541/417
f 903/541/417 943/540/416 944/596/472 904/597/473
f 897/1039/875 901/1097/512 902/1045/475 898/76/72
f 906/539/415 902/599/475 901/638/512 905/590/466
f 910/781/653 921/71/69 922/643/515 909/711/583
f 918/783/655 913/747/619 914/793/665 917/782/654
f 905/590/466 945/589/465 946/536/412 906/539/415
f 916/708/580 911/798/670 912/780/652 915/705/577
f 915/705/577 907/524/400 908/693/565 916/708/580
f 917/782/654 910/781/653 909/711/583 918/783/655
f 920/527/403 681/704/576 682/703/575 919/694/566
f 686/70/68 955/107/103 956/1107/103 685/641/513
f 932/791/663 923/790/662 924/808/680 931/1095/759
f 931/895/759 927/876/746 928/887/754 932/890/663
f 938/867/737 929/866/736 930/1002/841 937/1003/842
f 942/998/837 938/867/737 937/1003/842 941/1005/843
f 934/1004/748 930/1002/841 929/866/736 933/1001/840
f 940/992/831 935/995/834 936/873/743 939/872/742
f 933/1038/840 925/807/679 926/879/749 934/878/748
f 935/995/834 928/887/754 927/876/746 936/873/743
f 950/106/102 942/998/837 941/1005/843 949/801/673
f 948/1000/839 940/992/831 939/872/742 947/1006/844
f 913/747/619 946/536/412 945/589/465 914/793/665
f 684/104/100 950/106/102 949/801/673 683/800/672
f 680/1036/873 948/1000/839 947/1006/844 679/633/509
f 911/798/670 944/596/472 943/540/416 912/780/652
f 907/524/400 920/527/403 919/694/566 908/693/565
f 958/1035/73 680/1036/873 679/633/509 957/77/73
f 957/77/73 684/104/100 683/800/672 958/1035/73
f 953/247/180 926/879/749 925/807/679 954/806/678
f 692/256/120 694/255/105 693/119/115 691/118/114
f 696/1105/750 704/450/342 703/8/8 695/7/7
f 691/132/114 710/135/127 709/126/121 692/125/120
f 716/236/173 723/250/183 724/311/223 715/294/209
f 707/237/174 716/236/173 715/294/209 708/134/126
f 732/249/182 739/277/202 740/333/243 731/312/224
f 723/250/183 732/249/182 731/312/224 724/311/223
f 748/276/201 756/329/239 755/321/233 747/334/244
f 739/277/202 748/276/201 747/334/244 740/333/243
f 771/353/261 764/322/234 763/328/238 772/357/265
f 751/314/226 760/273/198 759/367/272 752/343/252
f 777/344/253 769/275/200 770/338/248 778/369/273
f 783/270/195 776/269/194 775/345/254 784/377/280
f 761/339/249 770/338/248 769/275/200 762/274/199
f 781/355/263 790/392/292 789/394/294 782/349/257
f 795/391/291 804/400/299 803/398/297 796/397/296
f 883/460/350 892/412/309 891/419/316 884/418/315
f 887/422/319 806/382/284 805/399/298 888/515/393
f 817/434/329 826/463/353 825/455/345 818/449/341
f 811/440/334 820/443/336 819/435/330 812/229/168
f 829/458/348 821/453/344 822/426/321 830/429/324
f 843/410/307 835/409/306 836/469/356 844/306/218
f 849/496/379 842/481/366 841/411/308 850/492/376
f 827/466/355 836/469/356 835/409/306 828/462/352
f 831/303/215 840/302/214 839/446/339 832/445/338
f 846/447/340 854/477/364 853/437/331 845/483/367
f 845/483/367 838/459/349 837/444/337 846/447/340
f 864/498/380 872/501/382 871/519/396 863/486/370
f 859/464/354 867/507/386 868/473/360 860/472/359
f 855/495/378 864/498/380 863/486/370 856/485/369
f 869/489/373 862/438/332 861/484/368 870/487/371
f 873/502/383 882/417/314 881/511/389 874/505/385
f 885/523/399 878/490/374 877/518/395 886/513/391
f 867/507/386 876/509/387 875/503/384 868/473/360
f 801/403/300 890/421/318 889/416/313 802/414/311
f 813/120/116 822/426/321 821/453/344 814/261/186
f 681/704/576 956/1107/103 955/107/103 682/703/575
f 921/71/69 686/70/68 685/641/513 922/643/515
f 951/809/681 924/808/680 923/790/662 952/296/211
f 695/12/7 896/11/10 895/521/398 696/882/750
f 680/1036/873 1/799/671 619/802/674 948/1000/839
f 2/642/514 685/641/513 956/1107/103 681/704/576
